LANGUAGE	LLM	GUIDELINES	EXAMPLES	UD	WORD_ACCURACY	BOUNDARY_PRECISION	BOUNDARY_RECALL	BOUNDARY_F1	PRESENT
results_3/ces	claude	guidelines-dummy	0	0	0.24666666666666667	0	0.0	0	0
results_3/ces	claude	guidelines-dummy	50	0	0.6133333333333333	0.8660287081339713	0.7903930131004366	0.8264840182648402	150
results_3/ces	claude	guidelines-dummy	0	1	0.47333333333333333	0.8888888888888888	0.5589519650655022	0.6863270777479892	150
results_3/ces	claude	guidelines-dummy	50	1	0.6333333333333333	0.9067357512953368	0.7641921397379913	0.8293838862559242	150
results_3/ces	claude	guidelines-no-examples	0	0	0.49333333333333335	0.8862275449101796	0.6462882096069869	0.7474747474747473	150
results_3/ces	claude	guidelines-no-examples	50	0	0.6	0.8787878787878788	0.759825327510917	0.8149882903981266	150
results_3/ces	claude	guidelines-no-examples	0	1	0.5	0.9006622516556292	0.5938864628820961	0.7157894736842106	150
results_3/ces	claude	guidelines-no-examples	50	1	0.5733333333333334	0.9055555555555556	0.7117903930131004	0.7970660146699267	150
results_3/ces	claude	guidelines	0	0	0.6	0.7959183673469388	0.851528384279476	0.8227848101265821	150
results_3/ces	claude	guidelines	50	0	0.6333333333333333	0.8590909090909091	0.8253275109170306	0.8418708240534521	150
results_3/ces	claude	guidelines	0	1	0.6	0.8936170212765957	0.7336244541484717	0.8057553956834532	150
results_3/ces	claude	guidelines	50	1	0.6466666666666666	0.893719806763285	0.8078602620087336	0.8486238532110092	150
results_3/ces	gpt5	guidelines-dummy	0	0	0.5533333333333333	0.7931034482758621	0.8034934497816594	0.7982646420824295	150
results_3/ces	gpt5	guidelines-dummy	50	0	0.5733333333333334	0.820627802690583	0.7991266375545851	0.8097345132743363	150
results_3/ces	gpt5	guidelines-dummy	0	1	0.5533333333333333	0.7622950819672131	0.8122270742358079	0.7864693446088794	150
results_3/ces	gpt5	guidelines-dummy	50	1	0.5066666666666667	0.7061068702290076	0.8078602620087336	0.7535641547861507	150
results_3/ces	gpt5	guidelines-no-examples	0	0	0.5333333333333333	0.7805907172995781	0.8078602620087336	0.7939914163090129	150
results_3/ces	gpt5	guidelines-no-examples	50	0	0.5933333333333334	0.8673469387755102	0.74235807860262	0.8	150
results_3/ces	gpt5	guidelines-no-examples	0	1	0.5266666666666666	0.8757763975155279	0.6157205240174672	0.7230769230769231	150
results_3/ces	gpt5	guidelines-no-examples	50	1	0.5333333333333333	0.7818181818181819	0.7510917030567685	0.7661469933184857	150
results_3/ces	gpt5	guidelines	0	0	0.62	0.8725490196078431	0.777292576419214	0.8221709006928407	150
results_3/ces	gpt5	guidelines	50	0	0.5933333333333334	0.8457943925233645	0.7903930131004366	0.8171557562076749	150
results_3/ces	gpt5	guidelines	0	1	0.5866666666666667	0.865	0.7554585152838428	0.8065268065268065	150
results_3/ces	gpt5	guidelines	50	1	0.5933333333333334	0.8135593220338984	0.8384279475982532	0.8258064516129032	150
results_3/ces	llama	guidelines-dummy	0	0	0.24	0.6153846153846154	0.034934497816593885	0.06611570247933884	150
results_3/ces	llama	guidelines-dummy	50	0	0.30666666666666664	0.8636363636363636	0.16593886462882096	0.2783882783882784	150
results_3/ces	llama	guidelines-dummy	0	1	0.32666666666666666	0.7534246575342466	0.24017467248908297	0.36423841059602646	150
results_3/ces	llama	guidelines-dummy	50	1	0.38	0.9090909090909091	0.2183406113537118	0.35211267605633806	150
results_3/ces	llama	guidelines-no-examples	0	0	0.18	0.4342857142857143	0.3318777292576419	0.37623762376237624	150
results_3/ces	llama	guidelines-no-examples	50	0	0.30666666666666664	0.84	0.18340611353711792	0.3010752688172043	150
results_3/ces	llama	guidelines-no-examples	0	1	0.14666666666666667	0.43137254901960786	0.38427947598253276	0.4064665127020785	150
results_3/ces	llama	guidelines-no-examples	50	1	0.3466666666666667	0.9148936170212766	0.18777292576419213	0.3115942028985507	150
results_3/ces	llama	guidelines	0	0	0.31333333333333335	0.689922480620155	0.388646288209607	0.4972067039106145	150
results_3/ces	llama	guidelines	50	0	0.34	0.7153846153846154	0.40611353711790393	0.5181058495821727	150
results_3/ces	llama	guidelines	0	1	0.30666666666666664	0.7659574468085106	0.1572052401746725	0.2608695652173913	150
results_3/ces	llama	guidelines	50	1	0.32666666666666666	0.7565217391304347	0.3799126637554585	0.5058139534883721	150
results_3/ces	mistral	guidelines-dummy	0	0	0.58	0.9111111111111111	0.7161572052401747	0.8019559902200489	150
results_3/ces	mistral	guidelines-dummy	50	0	0.5733333333333334	0.8814432989690721	0.7467248908296943	0.8085106382978723	150
results_3/ces	mistral	guidelines-dummy	0	1	0.5666666666666667	0.9017341040462428	0.6812227074235808	0.7761194029850746	150
results_3/ces	mistral	guidelines-dummy	50	1	0.5533333333333333	0.8636363636363636	0.7467248908296943	0.8009367681498829	150
results_3/ces	mistral	guidelines-no-examples	0	0	0.56	0.9	0.7074235807860262	0.7921760391198044	150
results_3/ces	mistral	guidelines-no-examples	50	0	0.5933333333333334	0.9120879120879121	0.7248908296943232	0.8077858880778589	150
results_3/ces	mistral	guidelines-no-examples	0	1	0.56	0.9395973154362416	0.611353711790393	0.7407407407407407	150
results_3/ces	mistral	guidelines-no-examples	50	1	0.5866666666666667	0.9050279329608939	0.7074235807860262	0.7941176470588235	150
results_3/ces	mistral	guidelines	0	0	0.5866666666666667	0.8789473684210526	0.7292576419213974	0.7971360381861575	150
results_3/ces	mistral	guidelines	50	0	0.6	0.8958333333333334	0.7510917030567685	0.8171021377672208	150
results_3/ces	mistral	guidelines	0	1	0.24666666666666667	0	0.0	0	0
results_3/ces	mistral	guidelines	50	1	0.5666666666666667	0.8835978835978836	0.7292576419213974	0.7990430622009569	150
results_3/ces	qwen	guidelines-dummy	0	0	0.3466666666666667	0.7634408602150538	0.31004366812227074	0.4409937888198758	150
results_3/ces	qwen	guidelines-dummy	50	0	0.44666666666666666	0.84375	0.3537117903930131	0.4984615384615384	150
results_3/ces	qwen	guidelines-dummy	0	1	0.02	0.3285302593659942	0.9956331877729258	0.4940411700975081	150
results_3/ces	qwen	guidelines-dummy	50	1	0.4066666666666667	0.8414634146341463	0.30131004366812225	0.44372990353697744	150
results_3/ces	qwen	guidelines-no-examples	0	0	0.44	0.8672566371681416	0.4279475982532751	0.5730994152046784	150
results_3/ces	qwen	guidelines-no-examples	50	0	0.4	0.8389830508474576	0.43231441048034935	0.5706051873198847	150
results_3/ces	qwen	guidelines-no-examples	0	1	0.41333333333333333	0.8640776699029126	0.388646288209607	0.536144578313253	150
results_3/ces	qwen	guidelines-no-examples	50	1	0.44666666666666666	0.8495575221238938	0.4192139737991266	0.5614035087719297	150
results_3/ces	qwen	guidelines	0	0	0.4	0.8529411764705882	0.3799126637554585	0.525679758308157	150
results_3/ces	qwen	guidelines	50	0	0.4066666666666667	0.8446601941747572	0.3799126637554585	0.5240963855421686	150
results_3/ces	qwen	guidelines	0	1	0.4666666666666667	0.9381443298969072	0.39737991266375544	0.558282208588957	150
results_3/ces	qwen	guidelines	50	1	0.4266666666666667	0.926829268292683	0.3318777292576419	0.4887459807073955	150
results_3/deu	claude	guidelines-dummy	0	0	0.5466666666666666	0.9485294117647058	0.5972222222222222	0.7329545454545454	150
results_3/deu	claude	guidelines-dummy	50	0	0.5933333333333334	0.9645390070921985	0.6296296296296297	0.761904761904762	150
results_3/deu	claude	guidelines-dummy	0	1	0.58	0.9640287769784173	0.6203703703703703	0.7549295774647886	150
results_3/deu	claude	guidelines-dummy	50	1	0.6	0.9726027397260274	0.6574074074074074	0.7845303867403315	150
results_3/deu	claude	guidelines-no-examples	0	0	0.6066666666666667	0.9647887323943662	0.6342592592592593	0.7653631284916201	150
results_3/deu	claude	guidelines-no-examples	50	0	0.6133333333333333	0.9727891156462585	0.6620370370370371	0.7878787878787878	150
results_3/deu	claude	guidelines-no-examples	0	1	0.6066666666666667	0.9795918367346939	0.6666666666666666	0.793388429752066	150
results_3/deu	claude	guidelines-no-examples	50	1	0.6	0.9791666666666666	0.6527777777777778	0.7833333333333333	150
results_3/deu	claude	guidelines	0	0	0.6133333333333333	0.9802631578947368	0.6898148148148148	0.8097826086956521	150
results_3/deu	claude	guidelines	50	0	0.6133333333333333	0.974025974025974	0.6944444444444444	0.8108108108108107	150
results_3/deu	claude	guidelines	0	1	0.5933333333333334	0.9426751592356688	0.6851851851851852	0.7935656836461126	150
results_3/deu	claude	guidelines	50	1	0.5933333333333334	0.9671052631578947	0.6805555555555556	0.7989130434782609	150
results_3/deu	gpt5	guidelines-dummy	0	0	0.58	0.934640522875817	0.6620370370370371	0.7750677506775069	150
results_3/deu	gpt5	guidelines-dummy	50	0	0.62	0.9363057324840764	0.6805555555555556	0.7882037533512065	150
results_3/deu	gpt5	guidelines-dummy	0	1	0.54	0.9097222222222222	0.6064814814814815	0.7277777777777779	150
results_3/deu	gpt5	guidelines-dummy	50	1	0.6	0.9367088607594937	0.6851851851851852	0.7914438502673797	150
results_3/deu	gpt5	guidelines-no-examples	0	0	0.54	0.9606299212598425	0.5648148148148148	0.7113702623906705	150
results_3/deu	gpt5	guidelines-no-examples	50	0	0.5466666666666666	0.9194630872483222	0.6342592592592593	0.7506849315068495	150
results_3/deu	gpt5	guidelines-no-examples	0	1	0.56	0.9444444444444444	0.6296296296296297	0.7555555555555556	150
results_3/deu	gpt5	guidelines-no-examples	50	1	0.5733333333333334	0.9294871794871795	0.6712962962962963	0.7795698924731184	150
results_3/deu	gpt5	guidelines	0	0	0.5666666666666667	0.9466666666666667	0.6574074074074074	0.7759562841530054	150
results_3/deu	gpt5	guidelines	50	0	0.5933333333333334	0.9240506329113924	0.6759259259259259	0.7807486631016043	150
results_3/deu	gpt5	guidelines	0	1	0.5333333333333333	0.9621212121212122	0.5879629629629629	0.7298850574712643	150
results_3/deu	gpt5	guidelines	50	1	0.5733333333333334	0.9032258064516129	0.6481481481481481	0.7547169811320755	150
results_3/deu	llama	guidelines-dummy	0	0	0.5	0.8896551724137931	0.5972222222222222	0.7146814404432132	150
results_3/deu	llama	guidelines-dummy	50	0	0.41333333333333333	0.7083333333333334	0.5509259259259259	0.6197916666666667	150
results_3/deu	llama	guidelines-dummy	0	1	0.3	0.9016393442622951	0.25462962962962965	0.39711191335740076	150
results_3/deu	llama	guidelines-dummy	50	1	0.46	0.810126582278481	0.5925925925925926	0.6844919786096257	150
results_3/deu	llama	guidelines-no-examples	0	0	0.36	0.9354838709677419	0.26851851851851855	0.4172661870503597	150
results_3/deu	llama	guidelines-no-examples	50	0	0.43333333333333335	0.8066666666666666	0.5601851851851852	0.6612021857923498	150
results_3/deu	llama	guidelines-no-examples	0	1	0.49333333333333335	0.9105691056910569	0.5185185185185185	0.6607669616519174	150
results_3/deu	llama	guidelines-no-examples	50	1	0.35333333333333333	0.684931506849315	0.46296296296296297	0.5524861878453039	150
results_3/deu	llama	guidelines	0	0	0.29333333333333333	0.5266272189349113	0.41203703703703703	0.4623376623376624	150
results_3/deu	llama	guidelines	50	0	0.30666666666666664	0.5329341317365269	0.41203703703703703	0.46475195822454307	150
results_3/deu	llama	guidelines	0	1	0.24666666666666667	0.9555555555555556	0.19907407407407407	0.32950191570881227	150
results_3/deu	llama	guidelines	50	1	0.28	0.5180722891566265	0.39814814814814814	0.4502617801047121	150
results_3/deu	mistral	guidelines-dummy	0	0	0.58	0.9135802469135802	0.6851851851851852	0.7830687830687831	150
results_3/deu	mistral	guidelines-dummy	50	0	0.5066666666666667	0.9657534246575342	0.6527777777777778	0.7790055248618785	150
results_3/deu	mistral	guidelines-dummy	0	1	0.5133333333333333	0.9178082191780822	0.6203703703703703	0.7403314917127072	150
results_3/deu	mistral	guidelines-dummy	50	1	0.5733333333333334	0.9337748344370861	0.6527777777777778	0.7683923705722071	150
results_3/deu	mistral	guidelines-no-examples	0	0	0.5533333333333333	0.958904109589041	0.6481481481481481	0.7734806629834253	150
results_3/deu	mistral	guidelines-no-examples	50	0	0.5266666666666666	0.9574468085106383	0.625	0.7563025210084033	150
results_3/deu	mistral	guidelines-no-examples	0	1	0.5533333333333333	0.9776119402985075	0.6064814814814815	0.7485714285714287	150
results_3/deu	mistral	guidelines-no-examples	50	1	0.5933333333333334	0.9662162162162162	0.6620370370370371	0.7857142857142856	150
results_3/deu	mistral	guidelines	0	0	0.5466666666666666	0.9586206896551724	0.6435185185185185	0.7700831024930749	150
results_3/deu	mistral	guidelines	50	0	0.5533333333333333	0.9294871794871795	0.6712962962962963	0.7795698924731184	150
results_3/deu	mistral	guidelines	0	1	0.5733333333333334	0.9652777777777778	0.6435185185185185	0.7722222222222223	150
results_3/deu	mistral	guidelines	50	1	0.5333333333333333	0.9324324324324325	0.6388888888888888	0.7582417582417582	150
results_3/deu	qwen	guidelines-dummy	0	0	0.43333333333333335	0.925	0.5138888888888888	0.6607142857142857	150
results_3/deu	qwen	guidelines-dummy	50	0	0.47333333333333333	0.8805970149253731	0.5462962962962963	0.6742857142857143	150
results_3/deu	qwen	guidelines-dummy	0	1	0.26	0.7088607594936709	0.25925925925925924	0.3796610169491525	150
results_3/deu	qwen	guidelines-dummy	50	1	0.36666666666666664	0.9036144578313253	0.3472222222222222	0.5016722408026756	150
results_3/deu	qwen	guidelines-no-examples	0	0	0.36666666666666664	0.9444444444444444	0.39351851851851855	0.5555555555555556	150
results_3/deu	qwen	guidelines-no-examples	50	0	0.3933333333333333	0.897196261682243	0.4444444444444444	0.5944272445820434	150
results_3/deu	qwen	guidelines-no-examples	0	1	0.28	0.5357142857142857	0.4166666666666667	0.46875000000000006	150
results_3/deu	qwen	guidelines-no-examples	50	1	0.34	0.8602150537634409	0.37037037037037035	0.517799352750809	150
results_3/deu	qwen	guidelines	0	0	0.4066666666666667	0.8016528925619835	0.44907407407407407	0.5756676557863502	150
results_3/deu	qwen	guidelines	50	0	0.24666666666666667	0.9090909090909091	0.046296296296296294	0.08810572687224669	150
results_3/deu	qwen	guidelines	0	1	0.41333333333333333	0.8979591836734694	0.4074074074074074	0.5605095541401274	150
results_3/deu	qwen	guidelines	50	1	0.4266666666666667	0.9134615384615384	0.4398148148148148	0.59375	150
results_3/ell	claude	guidelines-dummy	0	0	0.5	0.6785714285714286	0.7562189054726368	0.7152941176470589	150
results_3/ell	claude	guidelines-dummy	50	0	0.52	0.694980694980695	0.8955223880597015	0.782608695652174	150
results_3/ell	claude	guidelines-dummy	0	1	0.48	0.6968085106382979	0.6517412935323383	0.673521850899743	150
results_3/ell	claude	guidelines-dummy	50	1	0.6066666666666667	0.7521008403361344	0.8905472636815921	0.8154897494305239	150
results_3/ell	claude	guidelines-no-examples	0	0	0.54	0.7184466019417476	0.736318407960199	0.7272727272727273	150
results_3/ell	claude	guidelines-no-examples	50	0	0.6	0.7489539748953975	0.8905472636815921	0.8136363636363637	150
results_3/ell	claude	guidelines-no-examples	0	1	0.42	0.6694915254237288	0.39303482587064675	0.49529780564263326	150
results_3/ell	claude	guidelines-no-examples	50	1	0.5733333333333334	0.7638888888888888	0.8208955223880597	0.7913669064748201	150
results_3/ell	claude	guidelines	0	0	0.35333333333333333	0.7323232323232324	0.7213930348258707	0.7268170426065164	150
results_3/ell	claude	guidelines	50	0	0.5866666666666667	0.7261904761904762	0.9104477611940298	0.8079470198675497	150
results_3/ell	claude	guidelines	0	1	0.4666666666666667	0.6878306878306878	0.6467661691542289	0.6666666666666666	150
results_3/ell	claude	guidelines	50	1	0.5933333333333334	0.7427385892116183	0.8905472636815921	0.8099547511312217	150
results_3/ell	gpt5	guidelines-dummy	0	0	0.22	0.4764705882352941	0.40298507462686567	0.4366576819407008	150
results_3/ell	gpt5	guidelines-dummy	50	0	0.32	0.5737179487179487	0.8905472636815921	0.6978557504873295	150
results_3/ell	gpt5	guidelines-dummy	0	1	0.30666666666666664	0.54375	0.43283582089552236	0.48199445983379496	150
results_3/ell	gpt5	guidelines-dummy	50	1	0.26	0.5347826086956522	0.6119402985074627	0.5707656612529002	150
results_3/ell	gpt5	guidelines-no-examples	0	0	0.25333333333333335	0.4606741573033708	0.4079601990049751	0.43271767810026385	150
results_3/ell	gpt5	guidelines-no-examples	50	0	0.3466666666666667	0.5793103448275863	0.417910447761194	0.48554913294797686	150
results_3/ell	gpt5	guidelines-no-examples	0	1	0.38666666666666666	0.6048387096774194	0.373134328358209	0.46153846153846156	150
results_3/ell	gpt5	guidelines-no-examples	50	1	0.3333333333333333	0.5900900900900901	0.6517412935323383	0.6193853427895981	150
results_3/ell	gpt5	guidelines	0	0	0.29333333333333333	0.5351351351351351	0.4925373134328358	0.5129533678756477	150
results_3/ell	gpt5	guidelines	50	0	0.4066666666666667	0.6370370370370371	0.42786069651741293	0.5119047619047619	150
results_3/ell	gpt5	guidelines	0	1	0.36	0.5683453237410072	0.39303482587064675	0.46470588235294114	150
results_3/ell	gpt5	guidelines	50	1	0.29333333333333333	0.5540983606557377	0.8407960199004975	0.6679841897233201	150
results_3/ell	llama	guidelines-dummy	0	0	0.08	0.2297979797979798	0.4527363184079602	0.304857621440536	150
results_3/ell	llama	guidelines-dummy	50	0	0.10666666666666667	0.33643122676579923	0.900497512437811	0.48985115020297704	150
results_3/ell	llama	guidelines-dummy	0	1	0.10666666666666667	0.22832369942196531	0.39303482587064675	0.28884826325411334	149
results_3/ell	llama	guidelines-dummy	50	1	0.07333333333333333	0.3087121212121212	0.8109452736318408	0.4471879286694101	150
results_3/ell	llama	guidelines-no-examples	0	0	0.19333333333333333	0.42857142857142855	0.029850746268656716	0.0558139534883721	150
results_3/ell	llama	guidelines-no-examples	50	0	0.04666666666666667	0.23172242874845106	0.9303482587064676	0.37103174603174605	150
results_3/ell	llama	guidelines-no-examples	0	1	0.0	0.226890756302521	0.40298507462686567	0.2903225806451613	150
results_3/ell	llama	guidelines-no-examples	50	1	0.2	0.3755656108597285	0.8258706467661692	0.5163297045101088	150
results_3/ell	llama	guidelines	0	0	1.0	1.0	1.0	1.0	150
results_3/ell	llama	guidelines	50	0	0.19333333333333333	0.3333333333333333	0.004975124378109453	0.00980392156862745	150
results_3/ell	llama	guidelines	0	1	0.0	0.35687732342007433	0.47761194029850745	0.4085106382978723	150
results_3/ell	llama	guidelines	50	1	0.19333333333333333	0.3333333333333333	0.009950248756218905	0.01932367149758454	149
results_3/ell	mistral	guidelines-dummy	0	0	0.3	0.3813953488372093	0.4079601990049751	0.3942307692307693	150
results_3/ell	mistral	guidelines-dummy	50	0	0.3333333333333333	0.567398119122257	0.900497512437811	0.696153846153846	150
results_3/ell	mistral	guidelines-dummy	0	1	0.2733333333333333	0.5443786982248521	0.9154228855721394	0.6827458256029686	150
results_3/ell	mistral	guidelines-dummy	50	1	0.18666666666666668	0	0.0	0	0
results_3/ell	mistral	guidelines-no-examples	0	0	0.4266666666666667	0.6956521739130435	0.5572139303482587	0.6187845303867402	150
results_3/ell	mistral	guidelines-no-examples	50	0	0.48	0.616	0.7661691542288557	0.6829268292682926	150
results_3/ell	mistral	guidelines-no-examples	0	1	0.18666666666666668	0	0.0	0	0
results_3/ell	mistral	guidelines-no-examples	50	1	0.4533333333333333	0.6265560165975104	0.7512437810945274	0.6832579185520362	150
results_3/ell	mistral	guidelines	0	0	0.38666666666666666	0.5979381443298969	0.8656716417910447	0.7073170731707318	150
results_3/ell	mistral	guidelines	50	0	0.41333333333333333	0.5919732441471572	0.8805970149253731	0.7080000000000001	150
results_3/ell	mistral	guidelines	0	1	0.18666666666666668	0	0.0	0	0
results_3/ell	mistral	guidelines	50	1	0.43333333333333335	0.5958904109589042	0.8656716417910447	0.7058823529411764	150
results_3/ell	qwen	guidelines-dummy	0	0	0.4066666666666667	0.7025316455696202	0.5522388059701493	0.6183844011142061	150
results_3/ell	qwen	guidelines-dummy	50	0	0.29333333333333333	0.5664335664335665	0.40298507462686567	0.47093023255813954	149
results_3/ell	qwen	guidelines-dummy	0	1	0.36	0.6124031007751938	0.39303482587064675	0.4787878787878787	150
results_3/ell	qwen	guidelines-dummy	50	1	0.5	0.8888888888888888	0.5174129353233831	0.6540880503144655	150
results_3/ell	qwen	guidelines-no-examples	0	0	0.2866666666666667	0.55	0.38308457711442784	0.4516129032258065	150
results_3/ell	qwen	guidelines-no-examples	50	0	0.2866666666666667	0.7980769230769231	0.4129353233830846	0.5442622950819672	150
results_3/ell	qwen	guidelines-no-examples	0	1	0.006666666666666667	0.21344717182497333	0.9950248756218906	0.351493848857645	150
results_3/ell	qwen	guidelines-no-examples	50	1	0.35333333333333333	0.7209302325581395	0.30845771144278605	0.43205574912891986	150
results_3/ell	qwen	guidelines	0	0	0.3333333333333333	0.7377049180327869	0.44776119402985076	0.5572755417956656	150
results_3/ell	qwen	guidelines	50	0	0.37333333333333335	0.794392523364486	0.4228855721393035	0.551948051948052	150
results_3/ell	qwen	guidelines	0	1	0.18666666666666668	0	0.0	0	0
results_3/ell	qwen	guidelines	50	1	0.32	0.6333333333333333	0.2835820895522388	0.3917525773195876	150
results_3/eng	claude	guidelines-dummy	0	0	0.8333333333333334	0.76	0.6031746031746031	0.672566371681416	150
results_3/eng	claude	guidelines-dummy	50	0	0.8266666666666667	0.8	0.6984126984126984	0.7457627118644068	150
results_3/eng	claude	guidelines-dummy	0	1	0.8066666666666666	0.7647058823529411	0.6190476190476191	0.6842105263157895	150
results_3/eng	claude	guidelines-dummy	50	1	0.7666666666666667	0.7222222222222222	0.6190476190476191	0.6666666666666666	150
results_3/eng	claude	guidelines-no-examples	0	0	0.8733333333333333	0.8888888888888888	0.7619047619047619	0.8205128205128205	150
results_3/eng	claude	guidelines-no-examples	50	0	0.8466666666666667	0.82	0.6507936507936508	0.7256637168141592	150
results_3/eng	claude	guidelines-no-examples	0	1	0.8333333333333334	0.88	0.6984126984126984	0.7787610619469026	150
results_3/eng	claude	guidelines-no-examples	50	1	0.8266666666666667	0.82	0.6507936507936508	0.7256637168141592	150
results_3/eng	claude	guidelines	0	0	0.8733333333333333	0.7857142857142857	0.873015873015873	0.8270676691729324	150
results_3/eng	claude	guidelines	50	0	0.86	0.782608695652174	0.8571428571428571	0.8181818181818182	150
results_3/eng	claude	guidelines	0	1	0.8666666666666667	0.8307692307692308	0.8571428571428571	0.84375	150
results_3/eng	claude	guidelines	50	1	0.8733333333333333	0.7671232876712328	0.8888888888888888	0.8235294117647058	150
results_3/eng	gpt5	guidelines-dummy	0	0	0.74	0.5348837209302325	0.7301587301587301	0.6174496644295302	150
results_3/eng	gpt5	guidelines-dummy	50	0	0.7266666666666667	0.5568181818181818	0.7777777777777778	0.6490066225165563	150
results_3/eng	gpt5	guidelines-dummy	0	1	0.7	0.5053763440860215	0.746031746031746	0.6025641025641026	150
results_3/eng	gpt5	guidelines-dummy	50	1	0.7466666666666667	0.5921052631578947	0.7142857142857143	0.6474820143884892	150
results_3/eng	gpt5	guidelines-no-examples	0	0	0.8133333333333334	0.6865671641791045	0.7301587301587301	0.7076923076923077	150
results_3/eng	gpt5	guidelines-no-examples	50	0	0.82	0.7076923076923077	0.7301587301587301	0.7187500000000001	150
results_3/eng	gpt5	guidelines-no-examples	0	1	0.82	0.8095238095238095	0.5396825396825397	0.6476190476190475	150
results_3/eng	gpt5	guidelines-no-examples	50	1	0.8466666666666667	0.7432432432432432	0.873015873015873	0.8029197080291971	150
results_3/eng	gpt5	guidelines	0	0	0.7866666666666666	0.6046511627906976	0.8253968253968254	0.697986577181208	150
results_3/eng	gpt5	guidelines	50	0	0.8	0.6463414634146342	0.8412698412698413	0.7310344827586207	150
results_3/eng	gpt5	guidelines	0	1	0.7866666666666666	0.6049382716049383	0.7777777777777778	0.6805555555555557	150
results_3/eng	gpt5	guidelines	50	1	0.7933333333333333	0.6144578313253012	0.8095238095238095	0.6986301369863014	150
results_3/eng	llama	guidelines-dummy	0	0	0.54	0.33620689655172414	0.6190476190476191	0.43575418994413406	150
results_3/eng	llama	guidelines-dummy	50	0	0.52	0.36666666666666664	0.6984126984126984	0.4808743169398906	150
results_3/eng	llama	guidelines-dummy	0	1	0.4533333333333333	0.3333333333333333	0.6984126984126984	0.4512820512820513	150
results_3/eng	llama	guidelines-dummy	50	1	0.6733333333333333	0.6666666666666666	0.4444444444444444	0.5333333333333333	150
results_3/eng	llama	guidelines-no-examples	0	0	0.5333333333333333	0.3333333333333333	0.6190476190476191	0.43333333333333335	150
results_3/eng	llama	guidelines-no-examples	50	0	0.5333333333333333	0.38016528925619836	0.7301587301587301	0.5	150
results_3/eng	llama	guidelines-no-examples	0	1	0.54	0.3548387096774194	0.6984126984126984	0.4705882352941177	150
results_3/eng	llama	guidelines-no-examples	50	1	0.5133333333333333	0.352	0.6984126984126984	0.4680851063829786	150
results_3/eng	llama	guidelines	0	0	0.54	0.3697478991596639	0.6984126984126984	0.48351648351648346	150
results_3/eng	llama	guidelines	50	0	0.7066666666666667	0.5256410256410257	0.6507936507936508	0.5815602836879433	150
results_3/eng	llama	guidelines	0	1	0.5333333333333333	0.35537190082644626	0.6825396825396826	0.4673913043478261	150
results_3/eng	llama	guidelines	50	1	0.7266666666666667	0.6666666666666666	0.4126984126984127	0.5098039215686274	150
results_3/eng	mistral	guidelines-dummy	0	0	0.6733333333333333	0.5421686746987951	0.7142857142857143	0.6164383561643836	150
results_3/eng	mistral	guidelines-dummy	50	0	0.6866666666666666	0.5569620253164557	0.6984126984126984	0.6197183098591548	150
results_3/eng	mistral	guidelines-dummy	0	1	0.72	0.5641025641025641	0.6984126984126984	0.624113475177305	150
results_3/eng	mistral	guidelines-dummy	50	1	0.66	0.5113636363636364	0.7142857142857143	0.5960264900662252	150
results_3/eng	mistral	guidelines-no-examples	0	0	0.7066666666666667	0.5180722891566265	0.6825396825396826	0.589041095890411	150
results_3/eng	mistral	guidelines-no-examples	50	0	0.7933333333333333	0.6451612903225806	0.6349206349206349	0.64	150
results_3/eng	mistral	guidelines-no-examples	0	1	0.7466666666666667	0.5432098765432098	0.6984126984126984	0.611111111111111	150
results_3/eng	mistral	guidelines-no-examples	50	1	0.82	0.7096774193548387	0.6984126984126984	0.704	150
results_3/eng	mistral	guidelines	0	0	0.8	0.6567164179104478	0.6984126984126984	0.676923076923077	150
results_3/eng	mistral	guidelines	50	0	0.7533333333333333	0.6103896103896104	0.746031746031746	0.6714285714285714	150
results_3/eng	mistral	guidelines	0	1	0.82	0.6984126984126984	0.6984126984126984	0.6984126984126984	150
results_3/eng	mistral	guidelines	50	1	0.84	0.746031746031746	0.746031746031746	0.746031746031746	150
results_3/eng	qwen	guidelines-dummy	0	0	0.7933333333333333	0.775	0.49206349206349204	0.6019417475728155	150
results_3/eng	qwen	guidelines-dummy	50	0	0.74	0.5466666666666666	0.6507936507936508	0.5942028985507245	150
results_3/eng	qwen	guidelines-dummy	0	1	0.7	0.6666666666666666	0.4126984126984127	0.5098039215686274	150
results_3/eng	qwen	guidelines-dummy	50	1	0.76	0.8292682926829268	0.5396825396825397	0.6538461538461539	150
results_3/eng	qwen	guidelines-no-examples	0	0	0.7733333333333333	0.6333333333333333	0.6031746031746031	0.6178861788617885	150
results_3/eng	qwen	guidelines-no-examples	50	0	0.7666666666666667	0.7115384615384616	0.5873015873015873	0.6434782608695652	150
results_3/eng	qwen	guidelines-no-examples	0	1	0.76	0.627906976744186	0.42857142857142855	0.5094339622641509	150
results_3/eng	qwen	guidelines-no-examples	50	1	0.7266666666666667	0.7105263157894737	0.42857142857142855	0.5346534653465346	150
results_3/eng	qwen	guidelines	0	0	0.7466666666666667	0.6065573770491803	0.5873015873015873	0.5967741935483871	150
results_3/eng	qwen	guidelines	50	0	0.8266666666666667	0.7407407407407407	0.6349206349206349	0.6837606837606837	150
results_3/eng	qwen	guidelines	0	1	0.76	0.59375	0.6031746031746031	0.5984251968503936	150
results_3/eng	qwen	guidelines	50	1	0.7266666666666667	0.5925925925925926	0.5079365079365079	0.547008547008547	150
results_3/epo	claude	guidelines-dummy	0	0	0.9266666666666666	0.9698492462311558	0.9507389162561576	0.9601990049751243	150
results_3/epo	claude	guidelines-dummy	50	0	0.8666666666666667	0.9744897959183674	0.9408866995073891	0.9573934837092731	150
results_3/epo	claude	guidelines-dummy	0	1	0.9466666666666667	0.9797979797979798	0.9556650246305419	0.9675810473815462	150
results_3/epo	claude	guidelines-dummy	50	1	0.9066666666666666	0.979381443298969	0.9359605911330049	0.9571788413098236	150
results_3/epo	claude	guidelines-no-examples	0	0	0.88	0.9736842105263158	0.9113300492610837	0.9414758269720103	150
results_3/epo	claude	guidelines-no-examples	50	0	0.8533333333333334	0.9738219895287958	0.916256157635468	0.9441624365482234	150
results_3/epo	claude	guidelines-no-examples	0	1	0.94	0.9796954314720813	0.9507389162561576	0.965	150
results_3/epo	claude	guidelines-no-examples	50	1	0.86	0.96	0.9458128078817734	0.9528535980148883	150
results_3/epo	claude	guidelines	0	0	0.9066666666666666	0.9653465346534653	0.9605911330049262	0.962962962962963	150
results_3/epo	claude	guidelines	50	0	0.8533333333333334	0.9739583333333334	0.9211822660098522	0.9468354430379746	150
results_3/epo	claude	guidelines	0	1	0.9333333333333333	0.9747474747474747	0.9507389162561576	0.9625935162094763	150
results_3/epo	claude	guidelines	50	1	0.94	0.9797979797979798	0.9556650246305419	0.9675810473815462	150
results_3/epo	gpt5	guidelines-dummy	0	0	0.7666666666666667	0.8862559241706162	0.9211822660098522	0.9033816425120773	150
results_3/epo	gpt5	guidelines-dummy	50	0	0.9133333333333333	0.9794871794871794	0.9408866995073891	0.9597989949748744	150
results_3/epo	gpt5	guidelines-dummy	0	1	0.7733333333333333	0.8761467889908257	0.9408866995073891	0.9073634204275534	150
results_3/epo	gpt5	guidelines-dummy	50	1	0.84	0.9317073170731708	0.9408866995073891	0.9362745098039216	150
results_3/epo	gpt5	guidelines-no-examples	0	0	0.7666666666666667	0.8796296296296297	0.9359605911330049	0.9069212410501193	150
results_3/epo	gpt5	guidelines-no-examples	50	0	0.84	0.9368932038834952	0.9507389162561576	0.943765281173594	150
results_3/epo	gpt5	guidelines-no-examples	0	1	0.7333333333333333	0.863013698630137	0.9310344827586207	0.8957345971563981	150
results_3/epo	gpt5	guidelines-no-examples	50	1	0.7866666666666666	0.892018779342723	0.9359605911330049	0.9134615384615385	150
results_3/epo	gpt5	guidelines	0	0	0.8733333333333333	0.9789473684210527	0.916256157635468	0.9465648854961833	150
results_3/epo	gpt5	guidelines	50	0	0.8866666666666667	0.9844559585492227	0.9359605911330049	0.9595959595959596	150
results_3/epo	gpt5	guidelines	0	1	0.7666666666666667	0.8790697674418605	0.9310344827586207	0.9043062200956938	150
results_3/epo	gpt5	guidelines	50	1	0.9	0.9746192893401016	0.9458128078817734	0.96	150
results_3/epo	llama	guidelines-dummy	0	0	0.4866666666666667	0.8428571428571429	0.5812807881773399	0.6880466472303206	150
results_3/epo	llama	guidelines-dummy	50	0	0.6866666666666666	0.9302325581395349	0.7881773399014779	0.8533333333333333	150
results_3/epo	llama	guidelines-dummy	0	1	0.14666666666666667	0.5625	0.17733990147783252	0.2696629213483146	150
results_3/epo	llama	guidelines-dummy	50	1	0.6133333333333333	0.9436619718309859	0.6600985221674877	0.7768115942028986	150
results_3/epo	llama	guidelines-no-examples	0	0	0.4533333333333333	0.8561151079136691	0.5862068965517241	0.6959064327485378	150
results_3/epo	llama	guidelines-no-examples	50	0	0.5733333333333334	0.9019607843137255	0.6798029556650246	0.7752808988764045	149
results_3/epo	llama	guidelines-no-examples	0	1	0.6133333333333333	0.8205128205128205	0.7881773399014779	0.8040201005025125	150
results_3/epo	llama	guidelines-no-examples	50	1	0.6066666666666667	0.9315068493150684	0.6699507389162561	0.7793696275071633	150
results_3/epo	llama	guidelines	0	0	0.14666666666666667	0.5454545454545454	0.08866995073891626	0.15254237288135594	149
results_3/epo	llama	guidelines	50	0	0.5666666666666667	0.944	0.5812807881773399	0.7195121951219512	149
results_3/epo	llama	guidelines	0	1	0.14666666666666667	0.5735294117647058	0.1921182266009852	0.2878228782287823	149
results_3/epo	llama	guidelines	50	1	0.15333333333333332	0.5666666666666667	0.16748768472906403	0.2585551330798479	149
results_3/epo	mistral	guidelines-dummy	0	0	0.7133333333333334	0.9248554913294798	0.7881773399014779	0.851063829787234	150
results_3/epo	mistral	guidelines-dummy	50	0	0.7933333333333333	0.9680851063829787	0.896551724137931	0.9309462915601023	150
results_3/epo	mistral	guidelines-dummy	0	1	0.8466666666666667	0.9646464646464646	0.9408866995073891	0.9526184538653367	150
results_3/epo	mistral	guidelines-dummy	50	1	0.8533333333333334	0.979381443298969	0.9359605911330049	0.9571788413098236	150
results_3/epo	mistral	guidelines-no-examples	0	0	0.16666666666666666	0	0.0	0	0
results_3/epo	mistral	guidelines-no-examples	50	0	0.8266666666666667	0.9783783783783784	0.8916256157635468	0.9329896907216494	150
results_3/epo	mistral	guidelines-no-examples	0	1	0.16666666666666666	0	0.0	0	0
results_3/epo	mistral	guidelines-no-examples	50	1	0.8733333333333333	0.9692307692307692	0.9310344827586207	0.949748743718593	150
results_3/epo	mistral	guidelines	0	0	0.16666666666666666	0	0.0	0	0
results_3/epo	mistral	guidelines	50	0	0.8	0.9481865284974094	0.9014778325123153	0.9242424242424244	150
results_3/epo	mistral	guidelines	0	1	0.16666666666666666	0	0.0	0	0
results_3/epo	mistral	guidelines	50	1	0.8133333333333334	0.9526315789473684	0.8916256157635468	0.9211195928753181	150
results_3/epo	qwen	guidelines-dummy	0	0	0.6466666666666666	0.8953488372093024	0.7586206896551724	0.8213333333333334	150
results_3/epo	qwen	guidelines-dummy	50	0	0.72	0.8826530612244898	0.8522167487684729	0.8671679197994987	150
results_3/epo	qwen	guidelines-dummy	0	1	0.26	0.9264705882352942	0.3103448275862069	0.4649446494464945	150
results_3/epo	qwen	guidelines-dummy	50	1	0.29333333333333333	0.8913043478260869	0.4039408866995074	0.5559322033898305	150
results_3/epo	qwen	guidelines-no-examples	0	0	0.7	0.8848167539267016	0.8325123152709359	0.8578680203045685	150
results_3/epo	qwen	guidelines-no-examples	50	0	0.6866666666666666	0.8372093023255814	0.8866995073891626	0.8612440191387561	150
results_3/epo	qwen	guidelines-no-examples	0	1	0.26666666666666666	0.9295774647887324	0.3251231527093596	0.4817518248175182	150
results_3/epo	qwen	guidelines-no-examples	50	1	0.02666666666666667	0.24444444444444444	0.1625615763546798	0.19526627218934908	148
results_3/epo	qwen	guidelines	0	0	0.6466666666666666	0.812206572769953	0.8522167487684729	0.8317307692307692	150
results_3/epo	qwen	guidelines	50	0	0.6466666666666666	0.9870967741935484	0.7536945812807881	0.8547486033519553	150
results_3/epo	qwen	guidelines	0	1	0.74	0.9230769230769231	0.8275862068965517	0.8727272727272727	150
results_3/epo	qwen	guidelines	50	1	0.5866666666666667	0.762114537444934	0.8522167487684729	0.8046511627906977	150
results_3/fra	claude	guidelines-dummy	0	0	0.5866666666666667	0.8611111111111112	0.6	0.7072243346007605	150
results_3/fra	claude	guidelines-dummy	50	0	0.6066666666666667	0.7423312883435583	0.7806451612903226	0.7610062893081762	150
results_3/fra	claude	guidelines-dummy	0	1	0.54	0.9142857142857143	0.4129032258064516	0.5688888888888889	150
results_3/fra	claude	guidelines-dummy	50	1	0.5866666666666667	0.84375	0.5225806451612903	0.6454183266932272	150
results_3/fra	claude	guidelines-no-examples	0	0	0.6133333333333333	0.8979591836734694	0.567741935483871	0.6956521739130436	150
results_3/fra	claude	guidelines-no-examples	50	0	0.62	0.7931034482758621	0.7419354838709677	0.7666666666666667	150
results_3/fra	claude	guidelines-no-examples	0	1	0.6	0.8484848484848485	0.5419354838709678	0.6614173228346457	150
results_3/fra	claude	guidelines-no-examples	50	1	0.62	0.7483870967741936	0.7483870967741936	0.7483870967741936	150
results_3/fra	claude	guidelines	0	0	0.5466666666666666	0.6580310880829016	0.8193548387096774	0.7298850574712643	150
results_3/fra	claude	guidelines	50	0	0.5333333333333333	0.6684210526315789	0.8193548387096774	0.7362318840579709	150
results_3/fra	claude	guidelines	0	1	0.6066666666666667	0.8114754098360656	0.6387096774193548	0.7148014440433212	150
results_3/fra	claude	guidelines	50	1	0.6133333333333333	0.7532467532467533	0.7483870967741936	0.7508090614886731	150
results_3/fra	gpt5	guidelines-dummy	0	0	0.5333333333333333	0.7019867549668874	0.6838709677419355	0.6928104575163399	150
results_3/fra	gpt5	guidelines-dummy	50	0	0.48	0.6395348837209303	0.7096774193548387	0.672782874617737	150
results_3/fra	gpt5	guidelines-dummy	0	1	0.47333333333333333	0.66	0.6387096774193548	0.6491803278688524	150
results_3/fra	gpt5	guidelines-dummy	50	1	0.46	0.5858585858585859	0.7483870967741936	0.6572237960339944	150
results_3/fra	gpt5	guidelines-no-examples	0	0	0.62	0.8240740740740741	0.5741935483870968	0.6768060836501902	150
results_3/fra	gpt5	guidelines-no-examples	50	0	0.64	0.7741935483870968	0.6193548387096774	0.6881720430107527	150
results_3/fra	gpt5	guidelines-no-examples	0	1	0.54	0.6420454545454546	0.7290322580645161	0.6827794561933535	150
results_3/fra	gpt5	guidelines-no-examples	50	1	0.5666666666666667	0.6938775510204082	0.6580645161290323	0.6754966887417219	150
results_3/fra	gpt5	guidelines	0	0	0.62	0.8214285714285714	0.5935483870967742	0.6891385767790262	150
results_3/fra	gpt5	guidelines	50	0	0.6466666666666666	0.8442622950819673	0.6645161290322581	0.7436823104693141	150
results_3/fra	gpt5	guidelines	0	1	0.64	0.8559322033898306	0.6516129032258065	0.73992673992674	150
results_3/fra	gpt5	guidelines	50	1	0.5933333333333334	0.8130841121495327	0.5612903225806452	0.6641221374045801	150
results_3/fra	llama	guidelines-dummy	0	0	0.19333333333333333	0.20465116279069767	0.2838709677419355	0.23783783783783782	150
results_3/fra	llama	guidelines-dummy	50	0	0.2866666666666667	0.452991452991453	0.6838709677419355	0.5449871465295629	150
results_3/fra	llama	guidelines-dummy	0	1	0.18666666666666668	0.4434782608695652	0.32903225806451614	0.3777777777777778	150
results_3/fra	llama	guidelines-dummy	50	1	0.36	0.44495412844036697	0.6258064516129033	0.5201072386058981	150
results_3/fra	llama	guidelines-no-examples	0	0	0.21333333333333335	0.19607843137254902	0.25806451612903225	0.22284122562674094	150
results_3/fra	llama	guidelines-no-examples	50	0	0.18666666666666668	0.3157894736842105	0.5419354838709678	0.3990498812351544	150
results_3/fra	llama	guidelines-no-examples	0	1	0.25333333333333335	0.2222222222222222	0.3096774193548387	0.2587601078167116	150
results_3/fra	llama	guidelines-no-examples	50	1	0.22	0.2626728110599078	0.36774193548387096	0.30645161290322576	150
results_3/fra	llama	guidelines	0	0	0.22666666666666666	0.2079207920792079	0.2709677419354839	0.23529411764705882	150
results_3/fra	llama	guidelines	50	0	0.21333333333333335	0.21359223300970873	0.2838709677419355	0.24376731301939059	150
results_3/fra	llama	guidelines	0	1	0.25333333333333335	0.19815668202764977	0.27741935483870966	0.23118279569892475	150
results_3/fra	llama	guidelines	50	1	0.31333333333333335	0.34615384615384615	0.4645161290322581	0.39669421487603307	150
results_3/fra	mistral	guidelines-dummy	0	0	0.6333333333333333	0.7709923664122137	0.6516129032258065	0.7062937062937061	150
results_3/fra	mistral	guidelines-dummy	50	0	0.52	0.6518987341772152	0.6645161290322581	0.6581469648562301	150
results_3/fra	mistral	guidelines-dummy	0	1	0.52	0.7037037037037037	0.6129032258064516	0.6551724137931035	150
results_3/fra	mistral	guidelines-dummy	50	1	0.5866666666666667	0.7328767123287672	0.6903225806451613	0.7109634551495015	150
results_3/fra	mistral	guidelines-no-examples	0	0	0.5533333333333333	0.776595744680851	0.47096774193548385	0.5863453815261044	150
results_3/fra	mistral	guidelines-no-examples	50	0	0.5866666666666667	0.7457627118644068	0.567741935483871	0.6446886446886447	150
results_3/fra	mistral	guidelines-no-examples	0	1	0.5466666666666666	0.7345132743362832	0.535483870967742	0.6194029850746268	150
results_3/fra	mistral	guidelines-no-examples	50	1	0.6133333333333333	0.7538461538461538	0.632258064516129	0.687719298245614	150
results_3/fra	mistral	guidelines	0	0	0.6333333333333333	0.7777777777777778	0.632258064516129	0.697508896797153	150
results_3/fra	mistral	guidelines	50	0	0.5066666666666667	0.6162790697674418	0.6838709677419355	0.6483180428134556	150
results_3/fra	mistral	guidelines	0	1	0.38	0	0.0	0	0
results_3/fra	mistral	guidelines	50	1	0.52	0.6415094339622641	0.6580645161290323	0.6496815286624203	150
results_3/fra	qwen	guidelines-dummy	0	0	0.37333333333333335	0	0.0	0	150
results_3/fra	qwen	guidelines-dummy	50	0	0.4866666666666667	0.7945205479452054	0.3741935483870968	0.5087719298245614	150
results_3/fra	qwen	guidelines-dummy	0	1	0.4	0.9333333333333333	0.09032258064516129	0.16470588235294115	150
results_3/fra	qwen	guidelines-dummy	50	1	0.48	0.6739130434782609	0.4	0.5020242914979757	150
results_3/fra	qwen	guidelines-no-examples	0	0	0.5	0.7727272727272727	0.32903225806451614	0.46153846153846156	150
results_3/fra	qwen	guidelines-no-examples	50	0	0.44	0.6857142857142857	0.15483870967741936	0.25263157894736843	150
results_3/fra	qwen	guidelines-no-examples	0	1	0.4266666666666667	0.68	0.32903225806451614	0.44347826086956527	150
results_3/fra	qwen	guidelines-no-examples	50	1	0.49333333333333335	0.8108108108108109	0.3870967741935484	0.5240174672489083	150
results_3/fra	qwen	guidelines	0	0	0.5066666666666667	0.6574074074074074	0.45806451612903226	0.5399239543726236	150
results_3/fra	qwen	guidelines	50	0	0.5466666666666666	0.8024691358024691	0.41935483870967744	0.5508474576271186	150
results_3/fra	qwen	guidelines	0	1	0.48	0.8461538461538461	0.2838709677419355	0.4251207729468599	150
results_3/fra	qwen	guidelines	50	1	0.5466666666666666	0.8589743589743589	0.432258064516129	0.575107296137339	150
results_3/hrv	claude	guidelines-dummy	0	0	0.4	0.868421052631579	0.5344129554655871	0.6616541353383459	150
results_3/hrv	claude	guidelines-dummy	50	0	0.48	0.8617021276595744	0.6558704453441295	0.7448275862068965	150
results_3/hrv	claude	guidelines-dummy	0	1	0.38666666666666666	0.8970588235294118	0.4939271255060729	0.6370757180156659	150
results_3/hrv	claude	guidelines-dummy	50	1	0.3466666666666667	0.8518518518518519	0.46558704453441296	0.6020942408376962	150
results_3/hrv	claude	guidelines-no-examples	0	0	0.5	0.8907103825136612	0.659919028340081	0.7581395348837209	150
results_3/hrv	claude	guidelines-no-examples	50	0	0.5066666666666667	0.8783068783068783	0.6720647773279352	0.7614678899082569	150
results_3/hrv	claude	guidelines-no-examples	0	1	0.3466666666666667	0.8914728682170543	0.46558704453441296	0.6117021276595744	150
results_3/hrv	claude	guidelines-no-examples	50	1	0.37333333333333335	0.8823529411764706	0.48582995951417	0.6266318537859007	150
results_3/hrv	claude	guidelines	0	0	0.3933333333333333	0.8860759493670886	0.5668016194331984	0.6913580246913581	150
results_3/hrv	claude	guidelines	50	0	0.43333333333333335	0.88	0.6234817813765182	0.7298578199052134	150
results_3/hrv	claude	guidelines	0	1	0.38666666666666666	0.8903225806451613	0.5587044534412956	0.6865671641791046	150
results_3/hrv	claude	guidelines	50	1	0.36666666666666664	0.8581560283687943	0.4898785425101215	0.6237113402061856	150
results_3/hrv	gpt5	guidelines-dummy	0	0	0.48	0.8549222797927462	0.6680161943319838	0.7499999999999999	150
results_3/hrv	gpt5	guidelines-dummy	50	0	0.56	0.8138528138528138	0.7611336032388664	0.7866108786610877	150
results_3/hrv	gpt5	guidelines-dummy	0	1	0.54	0.8826530612244898	0.7004048582995951	0.7810383747178329	150
results_3/hrv	gpt5	guidelines-dummy	50	1	0.5666666666666667	0.825531914893617	0.7854251012145749	0.8049792531120331	150
results_3/hrv	gpt5	guidelines-no-examples	0	0	0.5133333333333333	0.8	0.6639676113360324	0.7256637168141594	150
results_3/hrv	gpt5	guidelines-no-examples	50	0	0.5533333333333333	0.8440366972477065	0.7449392712550608	0.7913978494623656	150
results_3/hrv	gpt5	guidelines-no-examples	0	1	0.44	0.8152173913043478	0.6072874493927125	0.6960556844547563	150
results_3/hrv	gpt5	guidelines-no-examples	50	1	0.48	0.8199052132701422	0.7004048582995951	0.7554585152838428	150
results_3/hrv	gpt5	guidelines	0	0	0.5	0.8645833333333334	0.6720647773279352	0.7562642369020502	150
results_3/hrv	gpt5	guidelines	50	0	0.5733333333333334	0.8545454545454545	0.7611336032388664	0.8051391862955032	150
results_3/hrv	gpt5	guidelines	0	1	0.5	0.8894736842105263	0.6842105263157895	0.7734553775743708	150
results_3/hrv	gpt5	guidelines	50	1	0.5	0.8454106280193237	0.708502024291498	0.7709251101321586	150
results_3/hrv	llama	guidelines-dummy	0	0	0.1	0.5	0.012145748987854251	0.023715415019762844	150
results_3/hrv	llama	guidelines-dummy	50	0	0.42	0.8837209302325582	0.46153846153846156	0.6063829787234043	150
results_3/hrv	llama	guidelines-dummy	0	1	0.0	0.0	0.0	0	150
results_3/hrv	llama	guidelines-dummy	50	1	0.4066666666666667	0.889763779527559	0.4574898785425101	0.6042780748663101	150
results_3/hrv	llama	guidelines-no-examples	0	0	0.10666666666666667	0.3473684210526316	0.26720647773279355	0.30205949656750575	150
results_3/hrv	llama	guidelines-no-examples	50	0	0.4066666666666667	0.8803418803418803	0.41700404858299595	0.5659340659340659	150
results_3/hrv	llama	guidelines-no-examples	0	1	0.2	0.2978723404255319	0.11336032388663968	0.16422287390029328	150
results_3/hrv	llama	guidelines-no-examples	50	1	0.09333333333333334	0.3916349809885932	0.41700404858299595	0.40392156862745104	150
results_3/hrv	llama	guidelines	0	0	0.34	0.7205882352941176	0.3967611336032389	0.5117493472584856	150
results_3/hrv	llama	guidelines	50	0	0.4066666666666667	0.8793103448275862	0.41295546558704455	0.5619834710743802	150
results_3/hrv	llama	guidelines	0	1	0.2866666666666667	0.8939393939393939	0.2388663967611336	0.3769968051118211	150
results_3/hrv	llama	guidelines	50	1	0.31333333333333335	0.9090909090909091	0.2834008097165992	0.43209876543209874	150
results_3/hrv	mistral	guidelines-dummy	0	0	0.48	0.8777777777777778	0.6396761133603239	0.7400468384074941	150
results_3/hrv	mistral	guidelines-dummy	50	0	0.48	0.8631578947368421	0.6639676113360324	0.7505720823798627	150
results_3/hrv	mistral	guidelines-dummy	0	1	0.42	0.8766233766233766	0.5465587044534413	0.6733167082294266	150
results_3/hrv	mistral	guidelines-dummy	50	1	0.43333333333333335	0.8719512195121951	0.5789473684210527	0.6958637469586375	150
results_3/hrv	mistral	guidelines-no-examples	0	0	0.09333333333333334	0	0.0	0	0
results_3/hrv	mistral	guidelines-no-examples	50	0	0.4266666666666667	0.9037037037037037	0.4939271255060729	0.6387434554973822	150
results_3/hrv	mistral	guidelines-no-examples	0	1	0.4	0.9196428571428571	0.41700404858299595	0.5738161559888579	150
results_3/hrv	mistral	guidelines-no-examples	50	1	0.4	0.9166666666666666	0.44534412955465585	0.5994550408719346	150
results_3/hrv	mistral	guidelines	0	0	0.09333333333333334	0	0.0	0	0
results_3/hrv	mistral	guidelines	50	0	0.3933333333333333	0.9140625	0.47368421052631576	0.624	150
results_3/hrv	mistral	guidelines	0	1	0.09333333333333334	0	0.0	0	0
results_3/hrv	mistral	guidelines	50	1	0.4	0.9262295081967213	0.4574898785425101	0.6124661246612466	150
results_3/hrv	qwen	guidelines-dummy	0	0	0.35333333333333333	0.8303571428571429	0.3765182186234818	0.5181058495821727	150
results_3/hrv	qwen	guidelines-dummy	50	0	0.43333333333333335	0.8387096774193549	0.5263157894736842	0.6467661691542289	150
results_3/hrv	qwen	guidelines-dummy	0	1	0.37333333333333335	0.7819548872180451	0.42105263157894735	0.5473684210526316	150
results_3/hrv	qwen	guidelines-dummy	50	1	0.38	0.8615384615384616	0.4534412955465587	0.5941644562334217	150
results_3/hrv	qwen	guidelines-no-examples	0	0	0.36	0.7922077922077922	0.4939271255060729	0.6084788029925188	150
results_3/hrv	qwen	guidelines-no-examples	50	0	0.42	0.8209876543209876	0.5384615384615384	0.6503667481662592	150
results_3/hrv	qwen	guidelines-no-examples	0	1	0.35333333333333333	0.8378378378378378	0.5020242914979757	0.6278481012658228	150
results_3/hrv	qwen	guidelines-no-examples	50	1	0.38	0.8246753246753247	0.5141700404858299	0.6334164588528677	150
results_3/hrv	qwen	guidelines	0	0	0.4266666666666667	0.86	0.5222672064777328	0.6498740554156172	150
results_3/hrv	qwen	guidelines	50	0	0.32	0.8446601941747572	0.3522267206477733	0.4971428571428571	150
results_3/hrv	qwen	guidelines	0	1	0.4	0.8125	0.5789473684210527	0.6761229314420805	150
results_3/hrv	qwen	guidelines	50	1	0.34	0.8074074074074075	0.44129554655870445	0.5706806282722514	150
results_3/ita	claude	guidelines-dummy	0	0	0.6666666666666666	0.8957055214723927	0.7192118226600985	0.7978142076502732	150
results_3/ita	claude	guidelines-dummy	50	0	0.6666666666666666	0.8764044943820225	0.7684729064039408	0.8188976377952757	150
results_3/ita	claude	guidelines-dummy	0	1	0.5866666666666667	0.9084507042253521	0.6354679802955665	0.7478260869565218	150
results_3/ita	claude	guidelines-dummy	50	1	0.6333333333333333	0.8869047619047619	0.7339901477832512	0.8032345013477089	150
results_3/ita	claude	guidelines-no-examples	0	0	0.6533333333333333	0.8516483516483516	0.7635467980295566	0.8051948051948051	150
results_3/ita	claude	guidelines-no-examples	50	0	0.7133333333333334	0.8829787234042553	0.8177339901477833	0.8491048593350384	150
results_3/ita	claude	guidelines-no-examples	0	1	0.6466666666666666	0.8666666666666667	0.7684729064039408	0.8146214099216711	150
results_3/ita	claude	guidelines-no-examples	50	1	0.6466666666666666	0.8693181818181818	0.7536945812807881	0.8073878627968337	150
results_3/ita	claude	guidelines	0	0	0.64	0.8256410256410256	0.7931034482758621	0.8090452261306532	150
results_3/ita	claude	guidelines	50	0	0.68	0.848780487804878	0.8571428571428571	0.8529411764705881	150
results_3/ita	claude	guidelines	0	1	0.6	0.8555555555555555	0.7586206896551724	0.804177545691906	150
results_3/ita	claude	guidelines	50	1	0.6466666666666666	0.8494623655913979	0.7783251231527094	0.8123393316195373	150
results_3/ita	gpt5	guidelines-dummy	0	0	0.5533333333333333	0.8154761904761905	0.6748768472906403	0.738544474393531	150
results_3/ita	gpt5	guidelines-dummy	50	0	0.5933333333333334	0.803921568627451	0.8078817733990148	0.8058968058968059	150
results_3/ita	gpt5	guidelines-dummy	0	1	0.5333333333333333	0.7976878612716763	0.6798029556650246	0.7340425531914893	150
results_3/ita	gpt5	guidelines-dummy	50	1	0.5866666666666667	0.8131313131313131	0.7931034482758621	0.8029925187032418	150
results_3/ita	gpt5	guidelines-no-examples	0	0	0.5266666666666666	0.7341040462427746	0.625615763546798	0.6755319148936171	150
results_3/ita	gpt5	guidelines-no-examples	50	0	0.5666666666666667	0.8255813953488372	0.6995073891625616	0.7573333333333334	150
results_3/ita	gpt5	guidelines-no-examples	0	1	0.52	0.8209876543209876	0.6551724137931034	0.7287671232876713	150
results_3/ita	gpt5	guidelines-no-examples	50	1	0.5933333333333334	0.901840490797546	0.7241379310344828	0.8032786885245902	150
results_3/ita	gpt5	guidelines	0	0	0.5933333333333334	0.7938144329896907	0.7586206896551724	0.7758186397984886	150
results_3/ita	gpt5	guidelines	50	0	0.6133333333333333	0.8674698795180723	0.7093596059113301	0.7804878048780487	150
results_3/ita	gpt5	guidelines	0	1	0.5266666666666666	0.7624309392265194	0.6798029556650246	0.71875	150
results_3/ita	gpt5	guidelines	50	1	0.62	0.8728323699421965	0.7438423645320197	0.803191489361702	150
results_3/ita	llama	guidelines-dummy	0	0	0.48	0.7243243243243244	0.6600985221674877	0.6907216494845361	150
results_3/ita	llama	guidelines-dummy	50	0	0.47333333333333333	0.8308823529411765	0.5566502463054187	0.6666666666666666	150
results_3/ita	llama	guidelines-dummy	0	1	0.21333333333333335	0.5606060606060606	0.18226600985221675	0.275092936802974	150
results_3/ita	llama	guidelines-dummy	50	1	0.52	0.7962962962962963	0.6354679802955665	0.7068493150684931	150
results_3/ita	llama	guidelines-no-examples	0	0	0.06666666666666667	0.26959247648902823	0.4236453201970443	0.32950191570881227	150
results_3/ita	llama	guidelines-no-examples	50	0	0.49333333333333335	0.7531645569620253	0.5862068965517241	0.6592797783933517	150
results_3/ita	llama	guidelines-no-examples	0	1	0.16	0.17391304347826086	0.03940886699507389	0.0642570281124498	150
results_3/ita	llama	guidelines-no-examples	50	1	1.0	1.0	1.0	1.0	150
results_3/ita	llama	guidelines	0	0	0.06	0.25	0.35960591133004927	0.29494949494949496	150
results_3/ita	llama	guidelines	50	0	0.07333333333333333	0.3	0.4729064039408867	0.367112810707457	150
results_3/ita	llama	guidelines	0	1	0.14	0.24444444444444444	0.054187192118226604	0.08870967741935483	150
results_3/ita	llama	guidelines	50	1	0.4866666666666667	0.7616279069767442	0.645320197044335	0.6986666666666667	150
results_3/ita	mistral	guidelines-dummy	0	0	0.15333333333333332	0	0.0	0	0
results_3/ita	mistral	guidelines-dummy	50	0	0.49333333333333335	0.7447916666666666	0.7044334975369458	0.7240506329113925	150
results_3/ita	mistral	guidelines-dummy	0	1	0.5	0.7575757575757576	0.6157635467980296	0.6793478260869565	150
results_3/ita	mistral	guidelines-dummy	50	1	0.4866666666666667	0.8	0.6502463054187192	0.7173913043478262	150
results_3/ita	mistral	guidelines-no-examples	0	0	0.54	0.8159509202453987	0.6551724137931034	0.726775956284153	150
results_3/ita	mistral	guidelines-no-examples	50	0	0.5666666666666667	0.8607594936708861	0.6699507389162561	0.7534626038781163	150
results_3/ita	mistral	guidelines-no-examples	0	1	0.5666666666666667	0.8835616438356164	0.6354679802955665	0.7392550143266476	150
results_3/ita	mistral	guidelines-no-examples	50	1	0.5266666666666666	0.8354430379746836	0.6502463054187192	0.7313019390581716	150
results_3/ita	mistral	guidelines	0	0	0.5333333333333333	0.8	0.6699507389162561	0.7292225201072385	150
results_3/ita	mistral	guidelines	50	0	0.5133333333333333	0.7091836734693877	0.6847290640394089	0.6967418546365916	150
results_3/ita	mistral	guidelines	0	1	0.4866666666666667	0.7975460122699386	0.6403940886699507	0.7103825136612022	150
results_3/ita	mistral	guidelines	50	1	0.5466666666666666	0.834319526627219	0.6945812807881774	0.7580645161290323	150
results_3/ita	qwen	guidelines-dummy	0	0	0.42	0.7279411764705882	0.4876847290640394	0.584070796460177	150
results_3/ita	qwen	guidelines-dummy	50	0	0.4533333333333333	0.6628571428571428	0.5714285714285714	0.6137566137566137	150
results_3/ita	qwen	guidelines-dummy	0	1	0.37333333333333335	0.6232558139534884	0.6600985221674877	0.6411483253588517	150
results_3/ita	qwen	guidelines-dummy	50	1	0.38666666666666666	0.6766467065868264	0.5566502463054187	0.6108108108108108	150
results_3/ita	qwen	guidelines-no-examples	0	0	0.41333333333333333	0.6341463414634146	0.5123152709359606	0.566757493188011	150
results_3/ita	qwen	guidelines-no-examples	50	0	0.4066666666666667	0.6708074534161491	0.5320197044334976	0.5934065934065934	150
results_3/ita	qwen	guidelines-no-examples	0	1	0.3933333333333333	0.5703125	0.7192118226600985	0.6361655773420479	150
results_3/ita	qwen	guidelines-no-examples	50	1	0.38666666666666666	0.8090909090909091	0.43842364532019706	0.5686900958466453	150
results_3/ita	qwen	guidelines	0	0	0.4533333333333333	0.7642857142857142	0.5270935960591133	0.6239067055393586	150
results_3/ita	qwen	guidelines	50	0	0.46	0.7052023121387283	0.6009852216748769	0.648936170212766	150
results_3/ita	qwen	guidelines	0	1	0.03333333333333333	0.3433874709976798	0.729064039408867	0.4668769716088328	150
results_3/ita	qwen	guidelines	50	1	0.49333333333333335	0.8536585365853658	0.5172413793103449	0.6441717791411044	150
results_3/lat	claude	guidelines-dummy	0	0	0.13333333333333333	0	0.0	0	0
results_3/lat	claude	guidelines-dummy	50	0	0.13333333333333333	0	0.0	0	0
results_3/lat	claude	guidelines-dummy	0	1	0.6	0.8722222222222222	0.6916299559471366	0.7714987714987716	150
results_3/lat	claude	guidelines-dummy	50	1	0.6466666666666666	0.8907103825136612	0.7180616740088106	0.7951219512195123	150
results_3/lat	claude	guidelines-no-examples	0	0	0.64	0.8877551020408163	0.7665198237885462	0.8226950354609929	150
results_3/lat	claude	guidelines-no-examples	50	0	0.6466666666666666	0.9120879120879121	0.7312775330396476	0.8117359413202934	150
results_3/lat	claude	guidelines-no-examples	0	1	0.6066666666666667	0.8626373626373627	0.6916299559471366	0.7677261613691931	150
results_3/lat	claude	guidelines-no-examples	50	1	0.6066666666666667	0.8648648648648649	0.7048458149779736	0.7766990291262136	150
results_3/lat	claude	guidelines	0	0	0.6333333333333333	0.8672985781990521	0.8061674008810573	0.8356164383561644	150
results_3/lat	claude	guidelines	50	0	0.64	0.8644859813084113	0.8149779735682819	0.8390022675736962	150
results_3/lat	claude	guidelines	0	1	0.6466666666666666	0.8756476683937824	0.7444933920704846	0.8047619047619048	150
results_3/lat	claude	guidelines	50	1	0.6733333333333333	0.8817733990147784	0.788546255506608	0.8325581395348837	150
results_3/lat	gpt5	guidelines-dummy	0	0	0.52	0.7901785714285714	0.7797356828193832	0.7849223946784923	150
results_3/lat	gpt5	guidelines-dummy	50	0	0.58	0.8541666666666666	0.7224669603524229	0.7828162291169452	150
results_3/lat	gpt5	guidelines-dummy	0	1	0.6	0.85	0.748898678414097	0.7962529274004684	150
results_3/lat	gpt5	guidelines-dummy	50	1	0.5133333333333333	0.7639484978540773	0.7841409691629956	0.7739130434782608	150
results_3/lat	gpt5	guidelines-no-examples	0	0	0.54	0.8272251308900523	0.6960352422907489	0.7559808612440191	150
results_3/lat	gpt5	guidelines-no-examples	50	0	0.4666666666666667	0.7399103139013453	0.7268722466960352	0.7333333333333333	150
results_3/lat	gpt5	guidelines-no-examples	0	1	0.5333333333333333	0.8475609756097561	0.6123348017621145	0.710997442455243	150
results_3/lat	gpt5	guidelines-no-examples	50	1	0.46	0.7364016736401674	0.775330396475771	0.7553648068669528	150
results_3/lat	gpt5	guidelines	0	0	0.5333333333333333	0.803030303030303	0.7004405286343612	0.748235294117647	150
results_3/lat	gpt5	guidelines	50	0	0.54	0.8217821782178217	0.7312775330396476	0.7738927738927739	150
results_3/lat	gpt5	guidelines	0	1	0.4866666666666667	0.8238993710691824	0.5770925110132159	0.6787564766839379	150
results_3/lat	gpt5	guidelines	50	1	0.42	0.7013574660633484	0.6828193832599119	0.6919642857142857	150
results_3/lat	llama	guidelines-dummy	0	0	0.3933333333333333	0.8837209302325582	0.33480176211453744	0.4856230031948882	150
results_3/lat	llama	guidelines-dummy	50	0	0.37333333333333335	0.8478260869565217	0.3436123348017621	0.48902821316614425	150
results_3/lat	llama	guidelines-dummy	0	1	0.013333333333333334	0.19205298013245034	0.1277533039647577	0.15343915343915346	150
results_3/lat	llama	guidelines-dummy	50	1	0.4266666666666667	0.7016574585635359	0.5594713656387665	0.6225490196078431	150
results_3/lat	llama	guidelines-no-examples	0	0	0.41333333333333333	0.6993464052287581	0.4713656387665198	0.563157894736842	150
results_3/lat	llama	guidelines-no-examples	50	0	0.44	0.717948717948718	0.4933920704845815	0.5848563968668408	150
results_3/lat	llama	guidelines-no-examples	0	1	0.44	0.7402597402597403	0.5022026431718062	0.5984251968503936	150
results_3/lat	llama	guidelines-no-examples	50	1	0.43333333333333335	0.7074468085106383	0.5859030837004405	0.6409638554216868	150
results_3/lat	llama	guidelines	0	0	0.17333333333333334	0.3017543859649123	0.3788546255506608	0.3359375	150
results_3/lat	llama	guidelines	50	0	0.43333333333333335	0.6829268292682927	0.6167400881057269	0.6481481481481481	150
results_3/lat	llama	guidelines	0	1	0.35333333333333333	0.5824561403508772	0.7312775330396476	0.6484375000000001	150
results_3/lat	llama	guidelines	50	1	0.4266666666666667	0.6979166666666666	0.5903083700440529	0.639618138424821	150
results_3/lat	mistral	guidelines-dummy	0	0	0.6	0.9090909090909091	0.7048458149779736	0.794044665012407	150
results_3/lat	mistral	guidelines-dummy	50	0	0.6266666666666667	0.8802083333333334	0.7444933920704846	0.8066825775656324	150
results_3/lat	mistral	guidelines-dummy	0	1	0.62	0.9117647058823529	0.6828193832599119	0.7808564231738034	150
results_3/lat	mistral	guidelines-dummy	50	1	0.6066666666666667	0.8994413407821229	0.7092511013215859	0.793103448275862	150
results_3/lat	mistral	guidelines-no-examples	0	0	0.5533333333333333	0.9383561643835616	0.6035242290748899	0.7345844504021448	150
results_3/lat	mistral	guidelines-no-examples	50	0	0.5933333333333334	0.930379746835443	0.6475770925110133	0.7636363636363637	150
results_3/lat	mistral	guidelines-no-examples	0	1	0.52	0.9389312977099237	0.5418502202643172	0.6871508379888268	150
results_3/lat	mistral	guidelines-no-examples	50	1	0.13333333333333333	0	0.0	0	0
results_3/lat	mistral	guidelines	0	0	0.6266666666666667	0.9213483146067416	0.7224669603524229	0.8098765432098766	150
results_3/lat	mistral	guidelines	50	0	0.6266666666666667	0.9034090909090909	0.7004405286343612	0.7890818858560794	150
results_3/lat	mistral	guidelines	0	1	0.13333333333333333	0	0.0	0	0
results_3/lat	mistral	guidelines	50	1	0.58	0.9079754601226994	0.6519823788546255	0.758974358974359	150
results_3/lat	qwen	guidelines-dummy	0	0	0.36	0.6875	0.3876651982378855	0.495774647887324	150
results_3/lat	qwen	guidelines-dummy	50	0	0.36666666666666664	0.6761363636363636	0.5242290748898678	0.5905707196029776	150
results_3/lat	qwen	guidelines-dummy	0	1	0.4	0.7814569536423841	0.5198237885462555	0.6243386243386244	150
results_3/lat	qwen	guidelines-dummy	50	1	0.25333333333333335	0.6551724137931034	0.2511013215859031	0.36305732484076436	150
results_3/lat	qwen	guidelines-no-examples	0	0	0.2866666666666667	0.5426829268292683	0.3920704845814978	0.4552429667519182	150
results_3/lat	qwen	guidelines-no-examples	50	0	0.36666666666666664	0.6815286624203821	0.4713656387665198	0.5572916666666666	150
results_3/lat	qwen	guidelines-no-examples	0	1	0.30666666666666664	0.6266666666666667	0.41409691629955947	0.4986737400530505	150
results_3/lat	qwen	guidelines-no-examples	50	1	0.2866666666666667	0.5792079207920792	0.5154185022026432	0.5454545454545454	150
results_3/lat	qwen	guidelines	0	0	0.2866666666666667	0.5674157303370787	0.44493392070484583	0.4987654320987655	150
results_3/lat	qwen	guidelines	50	0	0.4266666666666667	0.73125	0.5154185022026432	0.6046511627906976	150
results_3/lat	qwen	guidelines	0	1	0.29333333333333333	0.6273291925465838	0.44493392070484583	0.520618556701031	150
results_3/lat	qwen	guidelines	50	1	0.4066666666666667	0.8292682926829268	0.44933920704845814	0.5828571428571429	150
results_3/pol	claude	guidelines-dummy	0	0	0.32	0.8591549295774648	0.4621212121212121	0.6009852216748768	150
results_3/pol	claude	guidelines-dummy	50	0	0.3	0.8897058823529411	0.4583333333333333	0.605	150
results_3/pol	claude	guidelines-dummy	0	1	0.3	0.8571428571428571	0.38636363636363635	0.5326370757180157	150
results_3/pol	claude	guidelines-dummy	50	1	0.29333333333333333	0.8206896551724138	0.45075757575757575	0.5819070904645477	150
results_3/pol	claude	guidelines-no-examples	0	0	0.34	0.8904109589041096	0.49242424242424243	0.6341463414634146	150
results_3/pol	claude	guidelines-no-examples	50	0	0.2866666666666667	0.8652482269503546	0.4621212121212121	0.6024691358024692	150
results_3/pol	claude	guidelines-no-examples	0	1	0.3	0.8613138686131386	0.44696969696969696	0.5885286783042394	150
results_3/pol	claude	guidelines-no-examples	50	1	0.41333333333333333	0.89375	0.5416666666666666	0.6745283018867925	150
results_3/pol	claude	guidelines	0	0	0.4066666666666667	0.8205128205128205	0.6060606060606061	0.6971677559912853	150
results_3/pol	claude	guidelines	50	0	0.35333333333333333	0.8805031446540881	0.5303030303030303	0.6619385342789598	150
results_3/pol	claude	guidelines	0	1	0.3933333333333333	0.8295454545454546	0.553030303030303	0.6636363636363636	150
results_3/pol	claude	guidelines	50	1	0.37333333333333335	0.8411764705882353	0.5416666666666666	0.6589861751152074	150
results_3/pol	gpt5	guidelines-dummy	0	0	0.48	0.7540983606557377	0.696969696969697	0.7244094488188977	149
results_3/pol	gpt5	guidelines-dummy	50	0	0.4266666666666667	0.7875647668393783	0.5757575757575758	0.6652078774617068	150
results_3/pol	gpt5	guidelines-dummy	0	1	0.48	0.7560975609756098	0.7045454545454546	0.7294117647058823	150
results_3/pol	gpt5	guidelines-dummy	50	1	0.42	0.7051792828685259	0.6704545454545454	0.6873786407766991	150
results_3/pol	gpt5	guidelines-no-examples	0	0	0.35333333333333333	0.8181818181818182	0.4431818181818182	0.5749385749385749	150
results_3/pol	gpt5	guidelines-no-examples	50	0	0.35333333333333333	0.7611111111111111	0.5189393939393939	0.617117117117117	150
results_3/pol	gpt5	guidelines-no-examples	0	1	0.34	0.8623853211009175	0.3560606060606061	0.5040214477211797	150
results_3/pol	gpt5	guidelines-no-examples	50	1	0.43333333333333335	0.8703703703703703	0.5340909090909091	0.6619718309859154	150
results_3/pol	gpt5	guidelines	0	0	0.4266666666666667	0.8162162162162162	0.571969696969697	0.6726057906458798	150
results_3/pol	gpt5	guidelines	50	0	0.36666666666666664	0.8074534161490683	0.49242424242424243	0.6117647058823529	150
results_3/pol	gpt5	guidelines	0	1	0.3466666666666667	0.8378378378378378	0.4696969696969697	0.6019417475728156	150
results_3/pol	gpt5	guidelines	50	1	0.3933333333333333	0.8402366863905325	0.5378787878787878	0.6558891454965357	150
results_3/pol	llama	guidelines-dummy	0	0	0.11333333333333333	1.0	0.003787878787878788	0.007547169811320754	150
results_3/pol	llama	guidelines-dummy	50	0	0.10666666666666667	0	0.0	0	150
results_3/pol	llama	guidelines-dummy	0	1	0.1	0.0	0.0	0	150
results_3/pol	llama	guidelines-dummy	50	1	0.10666666666666667	0	0.0	0	150
results_3/pol	llama	guidelines-no-examples	0	0	0.10666666666666667	0	0.0	0	150
results_3/pol	llama	guidelines-no-examples	50	0	0.11333333333333333	1.0	0.003787878787878788	0.007547169811320754	150
results_3/pol	llama	guidelines-no-examples	0	1	0.10666666666666667	0	0.0	0	150
results_3/pol	llama	guidelines-no-examples	50	1	0.10666666666666667	0	0.0	0	150
results_3/pol	llama	guidelines	0	0	0.12	0.8	0.015151515151515152	0.029739776951672865	150
results_3/pol	llama	guidelines	50	0	0.12666666666666668	0.8333333333333334	0.01893939393939394	0.03703703703703704	150
results_3/pol	llama	guidelines	0	1	0.10666666666666667	0	0.0	0	150
results_3/pol	llama	guidelines	50	1	0.10666666666666667	0	0.0	0	150
results_3/pol	mistral	guidelines-dummy	0	0	0.36666666666666664	0.8461538461538461	0.4166666666666667	0.5583756345177665	150
results_3/pol	mistral	guidelines-dummy	50	0	0.36	0.8951612903225806	0.42045454545454547	0.5721649484536082	150
results_3/pol	mistral	guidelines-dummy	0	1	0.48	0.8497409326424871	0.6212121212121212	0.7177242888402625	150
results_3/pol	mistral	guidelines-dummy	50	1	0.4266666666666667	0.827027027027027	0.5795454545454546	0.6815144766146994	150
results_3/pol	mistral	guidelines-no-examples	0	0	0.10666666666666667	0	0.0	0	0
results_3/pol	mistral	guidelines-no-examples	50	0	0.3466666666666667	0.8283582089552238	0.42045454545454547	0.5577889447236181	150
results_3/pol	mistral	guidelines-no-examples	0	1	0.10666666666666667	0	0.0	0	0
results_3/pol	mistral	guidelines-no-examples	50	1	0.34	0.875	0.3712121212121212	0.5212765957446809	150
results_3/pol	mistral	guidelines	0	0	0.10666666666666667	0	0.0	0	150
results_3/pol	mistral	guidelines	50	0	0.38	0.8389261744966443	0.4734848484848485	0.6053268765133173	150
results_3/pol	mistral	guidelines	0	1	0.10666666666666667	0	0.0	0	0
results_3/pol	mistral	guidelines	50	1	0.35333333333333333	0.8559322033898306	0.38257575757575757	0.5287958115183246	150
results_3/pol	qwen	guidelines-dummy	0	0	0.24	0.77	0.2916666666666667	0.4230769230769231	150
results_3/pol	qwen	guidelines-dummy	50	0	0.26	0.7371794871794872	0.4356060606060606	0.5476190476190477	150
results_3/pol	qwen	guidelines-dummy	0	1	0.02666666666666667	0.3493975903614458	0.9886363636363636	0.5163204747774481	150
results_3/pol	qwen	guidelines-dummy	50	1	0.2733333333333333	0.78	0.29545454545454547	0.4285714285714286	150
results_3/pol	qwen	guidelines-no-examples	0	0	0.10666666666666667	0.42857142857142855	0.011363636363636364	0.022140221402214024	150
results_3/pol	qwen	guidelines-no-examples	50	0	0.23333333333333334	0.8148148148148148	0.3333333333333333	0.47311827956989244	150
results_3/pol	qwen	guidelines-no-examples	0	1	0.26666666666666666	0.7278481012658228	0.4356060606060606	0.5450236966824644	150
results_3/pol	qwen	guidelines-no-examples	50	1	0.02666666666666667	0.3506666666666667	0.9962121212121212	0.5187376725838264	150
results_3/pol	qwen	guidelines	0	0	0.24666666666666667	0.8255813953488372	0.2689393939393939	0.4057142857142857	150
results_3/pol	qwen	guidelines	50	0	0.23333333333333334	0.8230088495575221	0.3522727272727273	0.493368700265252	150
results_3/pol	qwen	guidelines	0	1	0.24666666666666667	0.7254901960784313	0.2803030303030303	0.4043715846994535	150
results_3/pol	qwen	guidelines	50	1	0.2733333333333333	0.695906432748538	0.45075757575757575	0.5471264367816092	150
results_3/rus	claude	guidelines-dummy	0	0	0.44666666666666666	0.927461139896373	0.6325088339222615	0.7521008403361344	150
results_3/rus	claude	guidelines-dummy	50	0	0.56	0.9305555555555556	0.7102473498233216	0.8056112224448898	150
results_3/rus	claude	guidelines-dummy	0	1	0.4066666666666667	0.9367816091954023	0.5759717314487632	0.7133479212253829	150
results_3/rus	claude	guidelines-dummy	50	1	0.5133333333333333	0.9554455445544554	0.6819787985865724	0.7958762886597938	150
results_3/rus	claude	guidelines-no-examples	0	0	0.4266666666666667	0.9505494505494505	0.6113074204946997	0.7440860215053763	150
results_3/rus	claude	guidelines-no-examples	50	0	0.49333333333333335	0.9593908629441624	0.6678445229681979	0.7875	150
results_3/rus	claude	guidelines-no-examples	0	1	0.4266666666666667	0.9613259668508287	0.6148409893992933	0.7500000000000001	150
results_3/rus	claude	guidelines-no-examples	50	1	0.49333333333333335	0.9484536082474226	0.6501766784452296	0.7714884696016772	150
results_3/rus	claude	guidelines	0	0	0.44666666666666666	0.9278350515463918	0.6360424028268551	0.7547169811320755	150
results_3/rus	claude	guidelines	50	0	0.5933333333333334	0.954337899543379	0.7385159010600707	0.8326693227091634	150
results_3/rus	claude	guidelines	0	1	0.44	0.9715909090909091	0.6042402826855123	0.7450980392156862	150
results_3/rus	claude	guidelines	50	1	0.44666666666666666	0.9289340101522843	0.6466431095406361	0.7625	150
results_3/rus	gpt5	guidelines-dummy	0	0	0.41333333333333333	0.7568627450980392	0.6819787985865724	0.7174721189591078	150
results_3/rus	gpt5	guidelines-dummy	50	0	0.36666666666666664	0.7201365187713311	0.7455830388692579	0.7326388888888888	150
results_3/rus	gpt5	guidelines-dummy	0	1	0.43333333333333335	0.819672131147541	0.7067137809187279	0.7590132827324478	150
results_3/rus	gpt5	guidelines-dummy	50	1	0.41333333333333333	0.782608695652174	0.7632508833922261	0.7728085867620751	150
results_3/rus	gpt5	guidelines-no-examples	0	0	0.4266666666666667	0.9020618556701031	0.6183745583038869	0.7337526205450734	150
results_3/rus	gpt5	guidelines-no-examples	50	0	0.38666666666666666	0.7821011673151751	0.7102473498233216	0.7444444444444446	150
results_3/rus	gpt5	guidelines-no-examples	0	1	0.36666666666666664	0.84375	0.5724381625441696	0.6821052631578947	150
results_3/rus	gpt5	guidelines-no-examples	50	1	0.4666666666666667	0.8455284552845529	0.734982332155477	0.7863894139886578	150
results_3/rus	gpt5	guidelines	0	0	0.38	0.8480392156862745	0.6113074204946997	0.7104722792607803	150
results_3/rus	gpt5	guidelines	50	0	0.37333333333333335	0.7682926829268293	0.6678445229681979	0.7145557655954631	150
results_3/rus	gpt5	guidelines	0	1	0.41333333333333333	0.8504672897196262	0.6431095406360424	0.7323943661971831	150
results_3/rus	gpt5	guidelines	50	1	0.44666666666666666	0.7578947368421053	0.7632508833922261	0.7605633802816901	150
results_3/rus	llama	guidelines-dummy	0	0	0.34	0.8740740740740741	0.4169611307420495	0.5645933014354068	150
results_3/rus	llama	guidelines-dummy	50	0	0.35333333333333333	0.8427672955974843	0.4734982332155477	0.6063348416289592	150
results_3/rus	llama	guidelines-dummy	0	1	0.32666666666666666	0.8770491803278688	0.37809187279151946	0.528395061728395	150
results_3/rus	llama	guidelines-dummy	50	1	0.3466666666666667	0.7707317073170732	0.558303886925795	0.6475409836065574	150
results_3/rus	llama	guidelines-no-examples	0	0	0.0	0.6204819277108434	0.36395759717314485	0.4587973273942093	150
results_3/rus	llama	guidelines-no-examples	50	0	0.12	1.0	0.024734982332155476	0.04827586206896552	150
results_3/rus	llama	guidelines-no-examples	0	1	0.0	0.40483383685800606	0.4734982332155477	0.4364820846905538	150
results_3/rus	llama	guidelines-no-examples	50	1	1.0	1.0	1.0	1.0	150
results_3/rus	llama	guidelines	0	0	0.0	0.483739837398374	0.4204946996466431	0.4499054820415879	150
results_3/rus	llama	guidelines	50	0	0.13333333333333333	0.4218009478672986	0.31448763250883394	0.3603238866396761	150
results_3/rus	llama	guidelines	0	1	0.0	0.6285714285714286	0.07773851590106007	0.13836477987421383	150
results_3/rus	llama	guidelines	50	1	1.0	1.0	1.0	1.0	150
results_3/rus	mistral	guidelines-dummy	0	0	0.5133333333333333	0.9488372093023256	0.7208480565371025	0.819277108433735	150
results_3/rus	mistral	guidelines-dummy	50	0	0.4866666666666667	0.9392523364485982	0.7102473498233216	0.8088531187122736	150
results_3/rus	mistral	guidelines-dummy	0	1	0.4533333333333333	0.8959276018099548	0.6996466431095406	0.7857142857142857	150
results_3/rus	mistral	guidelines-dummy	50	1	0.43333333333333335	0.8441558441558441	0.6890459363957597	0.7587548638132295	150
results_3/rus	mistral	guidelines-no-examples	0	0	0.46	0.9061032863849765	0.6819787985865724	0.7782258064516129	150
results_3/rus	mistral	guidelines-no-examples	50	0	0.38666666666666666	0.963855421686747	0.5653710247349824	0.7126948775055679	150
results_3/rus	mistral	guidelines-no-examples	0	1	0.4	0.9661016949152542	0.6042402826855123	0.7434782608695653	150
results_3/rus	mistral	guidelines-no-examples	50	1	0.42	0.9312169312169312	0.6219081272084805	0.7457627118644067	150
results_3/rus	mistral	guidelines	0	0	0.11333333333333333	0	0.0	0	0
results_3/rus	mistral	guidelines	50	0	0.4066666666666667	0.9251336898395722	0.6113074204946997	0.7361702127659574	150
results_3/rus	mistral	guidelines	0	1	0.11333333333333333	0	0.0	0	0
results_3/rus	mistral	guidelines	50	1	0.47333333333333333	0.8915094339622641	0.6678445229681979	0.7636363636363636	150
results_3/rus	qwen	guidelines-dummy	0	0	0.3466666666666667	0.9210526315789473	0.3710247349823322	0.5289672544080605	150
results_3/rus	qwen	guidelines-dummy	50	0	0.15333333333333332	0.5107296137339056	0.8409893992932862	0.6355140186915887	150
results_3/rus	qwen	guidelines-dummy	0	1	0.30666666666666664	0.8532110091743119	0.3286219081272085	0.47448979591836726	150
results_3/rus	qwen	guidelines-dummy	50	1	0.30666666666666664	0.8956521739130435	0.36395759717314485	0.5175879396984925	150
results_3/rus	qwen	guidelines-no-examples	0	0	0.22	0.6479591836734694	0.44876325088339225	0.5302713987473904	150
results_3/rus	qwen	guidelines-no-examples	50	0	0.32	0.7869822485207101	0.46996466431095407	0.588495575221239	149
results_3/rus	qwen	guidelines-no-examples	0	1	0.31333333333333335	0.8529411764705882	0.30742049469964666	0.45194805194805193	150
results_3/rus	qwen	guidelines-no-examples	50	1	0.34	0.8809523809523809	0.392226148409894	0.5427872860635696	150
results_3/rus	qwen	guidelines	0	0	0.30666666666666664	0.8081395348837209	0.4911660777385159	0.6109890109890109	150
results_3/rus	qwen	guidelines	50	0	0.08666666666666667	0.45202020202020204	0.6325088339222615	0.5272459499263624	150
results_3/rus	qwen	guidelines	0	1	0.29333333333333333	0.8653846153846154	0.31802120141342755	0.4651162790697674	136
results_3/rus	qwen	guidelines	50	1	0.09333333333333334	0.4810924369747899	0.8091872791519434	0.6034255599472991	149
results_3/spa	claude	guidelines-dummy	0	0	0.4666666666666667	0.6918238993710691	0.6432748538011696	0.6666666666666666	150
results_3/spa	claude	guidelines-dummy	50	0	0.5066666666666667	0.7398843930635838	0.7485380116959064	0.7441860465116278	150
results_3/spa	claude	guidelines-dummy	0	1	0.4666666666666667	0.7205882352941176	0.5730994152046783	0.6384364820846905	150
results_3/spa	claude	guidelines-dummy	50	1	0.46	0.717391304347826	0.5789473684210527	0.6407766990291262	150
results_3/spa	claude	guidelines-no-examples	0	0	0.5133333333333333	0.7325581395348837	0.7368421052631579	0.7346938775510203	150
results_3/spa	claude	guidelines-no-examples	50	0	0.5266666666666666	0.7457627118644068	0.7719298245614035	0.7586206896551725	150
results_3/spa	claude	guidelines-no-examples	0	1	0.44	0.66	0.5789473684210527	0.616822429906542	150
results_3/spa	claude	guidelines-no-examples	50	1	0.5133333333333333	0.7354838709677419	0.6666666666666666	0.6993865030674846	150
results_3/spa	claude	guidelines	0	0	0.5133333333333333	0.725	0.6783625730994152	0.7009063444108762	150
results_3/spa	claude	guidelines	50	0	0.52	0.7206703910614525	0.7543859649122807	0.7371428571428571	150
results_3/spa	claude	guidelines	0	1	0.5133333333333333	0.672316384180791	0.695906432748538	0.6839080459770116	150
results_3/spa	claude	guidelines	50	1	0.48	0.6381909547738693	0.7426900584795322	0.6864864864864865	150
results_3/spa	gpt5	guidelines-dummy	0	0	0.42	0.6262135922330098	0.7543859649122807	0.6843501326259946	150
results_3/spa	gpt5	guidelines-dummy	50	0	0.5	0.7202797202797203	0.6023391812865497	0.6560509554140128	150
results_3/spa	gpt5	guidelines-dummy	0	1	0.3933333333333333	0.6284153005464481	0.672514619883041	0.6497175141242938	150
results_3/spa	gpt5	guidelines-dummy	50	1	0.37333333333333335	0.5833333333333334	0.7777777777777778	0.6666666666666666	150
results_3/spa	gpt5	guidelines-no-examples	0	0	0.38666666666666666	0.5858585858585859	0.6783625730994152	0.6287262872628726	150
results_3/spa	gpt5	guidelines-no-examples	50	0	0.38	0.6242774566473989	0.631578947368421	0.627906976744186	150
results_3/spa	gpt5	guidelines-no-examples	0	1	0.5	0.8461538461538461	0.5146198830409356	0.6399999999999999	150
results_3/spa	gpt5	guidelines-no-examples	50	1	0.4	0.6214689265536724	0.6432748538011696	0.6321839080459771	150
results_3/spa	gpt5	guidelines	0	0	0.4066666666666667	0.5868544600938967	0.7309941520467836	0.6510416666666666	150
results_3/spa	gpt5	guidelines	50	0	0.4066666666666667	0.6285714285714286	0.6432748538011696	0.6358381502890172	150
results_3/spa	gpt5	guidelines	0	1	0.38	0.6488095238095238	0.6374269005847953	0.6430678466076696	150
results_3/spa	gpt5	guidelines	50	1	0.4066666666666667	0.6347305389221557	0.6198830409356725	0.6272189349112426	150
results_3/spa	llama	guidelines-dummy	0	0	0.09333333333333334	0.1505016722408027	0.2631578947368421	0.19148936170212766	150
results_3/spa	llama	guidelines-dummy	50	0	0.1	0.1596958174904943	0.24561403508771928	0.1935483870967742	150
results_3/spa	llama	guidelines-dummy	0	1	0.12	0.15384615384615385	0.23391812865497075	0.18561484918793503	150
results_3/spa	llama	guidelines-dummy	50	1	0.08666666666666667	0.2116991643454039	0.4444444444444444	0.28679245283018867	150
results_3/spa	llama	guidelines-no-examples	0	0	0.12	0.15294117647058825	0.22807017543859648	0.18309859154929578	150
results_3/spa	llama	guidelines-no-examples	50	0	0.10666666666666667	0.16226415094339622	0.25146198830409355	0.19724770642201833	150
results_3/spa	llama	guidelines-no-examples	0	1	0.11333333333333333	0.1583011583011583	0.23976608187134502	0.19069767441860463	150
results_3/spa	llama	guidelines-no-examples	50	1	0.11333333333333333	0.16216216216216217	0.24561403508771928	0.19534883720930232	150
results_3/spa	llama	guidelines	0	0	0.10666666666666667	0.16044776119402984	0.25146198830409355	0.19589977220956717	150
results_3/spa	llama	guidelines	50	0	0.1	0.1520912547528517	0.23391812865497075	0.18433179723502305	150
results_3/spa	llama	guidelines	0	1	0.10666666666666667	0.15151515151515152	0.23391812865497075	0.18390804597701152	150
results_3/spa	llama	guidelines	50	1	0.1	0.15267175572519084	0.23391812865497075	0.18475750577367203	150
results_3/spa	mistral	guidelines-dummy	0	0	0.46	0.6820809248554913	0.6900584795321637	0.6860465116279069	150
results_3/spa	mistral	guidelines-dummy	50	0	0.4666666666666667	0.6815642458100558	0.7134502923976608	0.6971428571428571	150
results_3/spa	mistral	guidelines-dummy	0	1	0.4533333333333333	0.7012195121951219	0.672514619883041	0.6865671641791045	150
results_3/spa	mistral	guidelines-dummy	50	1	0.48	0.7098765432098766	0.672514619883041	0.6906906906906907	150
results_3/spa	mistral	guidelines-no-examples	0	0	0.4266666666666667	0.6858974358974359	0.6257309941520468	0.654434250764526	150
results_3/spa	mistral	guidelines-no-examples	50	0	0.4666666666666667	0.6685714285714286	0.6842105263157895	0.6763005780346821	150
results_3/spa	mistral	guidelines-no-examples	0	1	0.4666666666666667	0.6766467065868264	0.6608187134502924	0.6686390532544378	150
results_3/spa	mistral	guidelines-no-examples	50	1	0.4666666666666667	0.6766467065868264	0.6608187134502924	0.6686390532544378	150
results_3/spa	mistral	guidelines	0	0	0.46	0.6593406593406593	0.7017543859649122	0.6798866855524079	150
results_3/spa	mistral	guidelines	50	0	0.43333333333333335	0.6519337016574586	0.6900584795321637	0.6704545454545454	150
results_3/spa	mistral	guidelines	0	1	0.24	0	0.0	0	0
results_3/spa	mistral	guidelines	50	1	0.46	0.655367231638418	0.6783625730994152	0.6666666666666666	150
results_3/spa	qwen	guidelines-dummy	0	0	0.47333333333333333	0.7232142857142857	0.47368421052631576	0.5724381625441696	150
results_3/spa	qwen	guidelines-dummy	50	0	0.52	0.6792452830188679	0.631578947368421	0.6545454545454544	150
results_3/spa	qwen	guidelines-dummy	0	1	0.4266666666666667	0.7634408602150538	0.4152046783625731	0.5378787878787878	150
results_3/spa	qwen	guidelines-dummy	50	1	0.3333333333333333	0.684931506849315	0.29239766081871343	0.4098360655737705	150
results_3/spa	qwen	guidelines-no-examples	0	0	0.5133333333333333	0.6867469879518072	0.6666666666666666	0.6765578635014836	150
results_3/spa	qwen	guidelines-no-examples	50	0	0.36	0.7631578947368421	0.3391812865497076	0.4696356275303644	150
results_3/spa	qwen	guidelines-no-examples	0	1	0.44	0.7289719626168224	0.45614035087719296	0.5611510791366906	150
results_3/spa	qwen	guidelines-no-examples	50	1	0.4	0.7654320987654321	0.36257309941520466	0.4920634920634921	150
results_3/spa	qwen	guidelines	0	0	0.4866666666666667	0.6942148760330579	0.49122807017543857	0.5753424657534246	150
results_3/spa	qwen	guidelines	50	0	0.52	0.7032258064516129	0.6374269005847953	0.6687116564417178	150
results_3/spa	qwen	guidelines	0	1	0.4533333333333333	0.6666666666666666	0.5263157894736842	0.5882352941176471	150
results_3/spa	qwen	guidelines	50	1	0.3466666666666667	0.6666666666666666	0.29239766081871343	0.4065040650406504	150
results_3/ukr	claude	guidelines-dummy	0	0	0.5133333333333333	0.8681318681318682	0.6370967741935484	0.7348837209302326	150
results_3/ukr	claude	guidelines-dummy	50	0	0.5333333333333333	0.855	0.6895161290322581	0.7633928571428572	150
results_3/ukr	claude	guidelines-dummy	0	1	0.4666666666666667	0.9	0.5806451612903226	0.7058823529411764	150
results_3/ukr	claude	guidelines-dummy	50	1	0.47333333333333333	0.8841463414634146	0.5846774193548387	0.7038834951456311	150
results_3/ukr	claude	guidelines-no-examples	0	0	0.48	0.8700564971751412	0.6209677419354839	0.7247058823529412	150
results_3/ukr	claude	guidelines-no-examples	50	0	0.3933333333333333	0.896551724137931	0.5241935483870968	0.6615776081424937	150
results_3/ukr	claude	guidelines-no-examples	0	1	0.43333333333333335	0.9155844155844156	0.5685483870967742	0.7014925373134329	150
results_3/ukr	claude	guidelines-no-examples	50	1	0.44	0.9024390243902439	0.5967741935483871	0.7184466019417476	150
results_3/ukr	claude	guidelines	0	0	0.5466666666666666	0.8663366336633663	0.7056451612903226	0.7777777777777777	150
results_3/ukr	claude	guidelines	50	0	0.44	0.8757396449704142	0.5967741935483871	0.7098321342925661	150
results_3/ukr	claude	guidelines	0	1	0.5266666666666666	0.8864864864864865	0.6612903225806451	0.7575057736720554	150
results_3/ukr	claude	guidelines	50	1	0.44	0.9215686274509803	0.5685483870967742	0.7032418952618453	150
results_3/ukr	gpt5	guidelines-dummy	0	0	0.4	0.7722772277227723	0.6290322580645161	0.6933333333333334	150
results_3/ukr	gpt5	guidelines-dummy	50	0	0.44	0.8028846153846154	0.6733870967741935	0.7324561403508771	150
results_3/ukr	gpt5	guidelines-dummy	0	1	0.48	0.8168316831683168	0.6653225806451613	0.7333333333333332	150
results_3/ukr	gpt5	guidelines-dummy	50	1	0.30666666666666664	0.6130434782608696	0.5685483870967742	0.5899581589958159	150
results_3/ukr	gpt5	guidelines-no-examples	0	0	0.34	0.7258883248730964	0.5766129032258065	0.6426966292134833	150
results_3/ukr	gpt5	guidelines-no-examples	50	0	0.4	0.7755102040816326	0.6129032258064516	0.6846846846846848	150
results_3/ukr	gpt5	guidelines-no-examples	0	1	0.32666666666666666	0.8492063492063492	0.4314516129032258	0.5721925133689839	150
results_3/ukr	gpt5	guidelines-no-examples	50	1	0.3333333333333333	0.6898148148148148	0.6008064516129032	0.6422413793103449	150
results_3/ukr	gpt5	guidelines	0	0	0.4266666666666667	0.7867298578199052	0.6693548387096774	0.7233115468409587	150
results_3/ukr	gpt5	guidelines	50	0	0.4066666666666667	0.7655502392344498	0.6451612903225806	0.7002188183807441	150
results_3/ukr	gpt5	guidelines	0	1	0.15333333333333332	0.0	0.0	0	150
results_3/ukr	gpt5	guidelines	50	1	0.35333333333333333	0.8375	0.5403225806451613	0.6568627450980392	150
results_3/ukr	llama	guidelines-dummy	0	0	0.18	0.4726027397260274	0.2782258064516129	0.3502538071065989	150
results_3/ukr	llama	guidelines-dummy	50	0	0.17333333333333334	0.38613861386138615	0.31451612903225806	0.3466666666666667	150
results_3/ukr	llama	guidelines-dummy	0	1	0.18	0.4635416666666667	0.3588709677419355	0.4045454545454545	150
results_3/ukr	llama	guidelines-dummy	50	1	0.18	0.4	0.3225806451612903	0.3571428571428571	147
results_3/ukr	llama	guidelines-no-examples	0	0	0.0	0.3905579399141631	0.7338709677419355	0.5098039215686274	150
results_3/ukr	llama	guidelines-no-examples	50	0	0.19333333333333333	0.41232227488151657	0.35080645161290325	0.3790849673202615	150
results_3/ukr	llama	guidelines-no-examples	0	1	0.16	0.3700440528634361	0.3387096774193548	0.3536842105263158	150
results_3/ukr	llama	guidelines-no-examples	50	1	0.16666666666666666	0.40669856459330145	0.34274193548387094	0.37199124726477023	150
results_3/ukr	llama	guidelines	0	0	0.0	0.4492753623188406	0.25	0.32124352331606215	150
results_3/ukr	llama	guidelines	50	0	0.18666666666666668	0.4084507042253521	0.35080645161290325	0.3774403470715835	150
results_3/ukr	llama	guidelines	0	1	0.15333333333333332	0.39114391143911437	0.4274193548387097	0.4084778420038535	150
results_3/ukr	llama	guidelines	50	1	0.2	0.4213197969543147	0.3346774193548387	0.3730337078651685	150
results_3/ukr	mistral	guidelines-dummy	0	0	0.6133333333333333	0.9004739336492891	0.7661290322580645	0.8278867102396514	150
results_3/ukr	mistral	guidelines-dummy	50	0	0.6	0.9195979899497487	0.7379032258064516	0.8187919463087248	150
results_3/ukr	mistral	guidelines-dummy	0	1	0.5333333333333333	0.9120879120879121	0.6693548387096774	0.772093023255814	150
results_3/ukr	mistral	guidelines-dummy	50	1	0.5733333333333334	0.9214659685863874	0.7096774193548387	0.8018223234624147	150
results_3/ukr	mistral	guidelines-no-examples	0	0	0.36666666666666664	0.8928571428571429	0.5040322580645161	0.6443298969072165	150
results_3/ukr	mistral	guidelines-no-examples	50	0	0.5933333333333334	0.9054726368159204	0.7338709677419355	0.8106904231625834	150
results_3/ukr	mistral	guidelines-no-examples	0	1	0.3333333333333333	0.9024390243902439	0.4475806451612903	0.5983827493261455	150
results_3/ukr	mistral	guidelines-no-examples	50	1	0.4066666666666667	0.8888888888888888	0.5483870967741935	0.6783042394014962	150
results_3/ukr	mistral	guidelines	0	0	0.58	0.9179487179487179	0.7217741935483871	0.8081264108352144	150
results_3/ukr	mistral	guidelines	50	0	0.5933333333333334	0.8857142857142857	0.75	0.8122270742358079	150
results_3/ukr	mistral	guidelines	0	1	0.15333333333333332	0	0.0	0	0
results_3/ukr	mistral	guidelines	50	1	0.5266666666666666	0.8232758620689655	0.7701612903225806	0.7958333333333333	150
results_3/ukr	qwen	guidelines-dummy	0	0	0.2866666666666667	0.8217821782178217	0.3346774193548387	0.4756446991404012	150
results_3/ukr	qwen	guidelines-dummy	50	0	0.3466666666666667	0.864	0.43548387096774194	0.579088471849866	150
results_3/ukr	qwen	guidelines-dummy	0	1	0.013333333333333334	0.3507779349363508	1.0	0.5193717277486911	150
results_3/ukr	qwen	guidelines-dummy	50	1	0.2	0.8333333333333334	0.12096774193548387	0.2112676056338028	150
results_3/ukr	qwen	guidelines-no-examples	0	0	0.22	0.5862068965517241	0.27419354838709675	0.3736263736263736	150
results_3/ukr	qwen	guidelines-no-examples	50	0	0.36	0.7906976744186046	0.4112903225806452	0.5411140583554377	150
results_3/ukr	qwen	guidelines-no-examples	0	1	0.17333333333333334	0.7647058823529411	0.05241935483870968	0.09811320754716982	150
results_3/ukr	qwen	guidelines-no-examples	50	1	0.3333333333333333	0.7005649717514124	0.5	0.5835294117647059	150
results_3/ukr	qwen	guidelines	0	0	0.2866666666666667	0.6536312849162011	0.4717741935483871	0.5480093676814989	150
results_3/ukr	qwen	guidelines	50	0	0.22	0.45017182130584193	0.5282258064516129	0.48608534322820035	150
results_3/ukr	qwen	guidelines	0	1	0.22666666666666666	0.4721030042918455	0.4435483870967742	0.45738045738045735	150
results_3/ukr	qwen	guidelines	50	1	0.28	0.7449664429530202	0.4475806451612903	0.5591939546599496	150
